r_si,r_gu,r_name,r_address
서울특별시,강동구,연풍민락,서울특별시 강동구 천호대로157길18
서울특별시,강동구,분홍다이닝,서울특별시 강동구 천호대로157길18
서울특별시,강동구,부타,서울특별시 강동구 천호대로 155길11
서울특별시,강동구,태능숯불갈비,서울특별시 강동구 올림픽로 812
서울특별시,강동구,자화성맛집코다리네명일점,서울특별시 강동구 양재대로147길8
서울특별시,강동구,자화성맛집코다리네,서울특별시 강동구 양재대로1500-7
서울특별시,강동구,우양우,서울특별시 강동구 천호옛14길36
서울특별시,강동구,암사고바우집,서울특별시 강동구 올림픽로 812
서울특별시,강동구,순남시래기,서울특별시 강동구 천호대로197길84 
서울특별시,강동구,방이샤브샤브칼국수,서울특별시 강동구 올림픽로 804
서울특별시,강동구,강천민물장어,서울특별시 강동구 고덕로 52
서울특별시,강동구,한솔냉면,서울특별시 강동구 천호대로1005
서울특별시,강동구,장터순대국감자탕,서울특별시 강동구 성내로6길20
서울특별시,강동구,본가스시,서울특별시 강동구 천호대로1005
서울특별시,강동구,마드레,서울특별시 강동구 동남로710
서울특별시,강동구,꼬꼬c참숯불갈비,서울특별시 강동구 구천면로248
서울특별시,강동구,화포식당고덕점,서울특별시 강동구 동남로73길26
서울특별시,강동구,청진생등심,서울특별시 강동구 올림픽로78길 15-5
서울특별시,강동구,옛날불고기,서울특별시 강동구 상암로12길 4
서울특별시,강동구,암사족발,서울특별시 강동구 상암로 28
서울특별시,강동구,버섯잔치집,서울특별시 강동구 성내로 52 
서울특별시,강동구,마곡닭한마리강동직역점,서울특별시 강동구 성내로5길29
서울특별시,강동구,그램그램(둔촌역점),서울특별시 강동구 풍성로 204
서울특별시,강동구,황제짬뽕,서울특별시 강동구 성내로6길14-11 
서울특별시,강동구,청년다방,서울특별시 강동구 성내로 66
서울특별시,강동구,장원삼계탕,서울특별시 강동구 성안로3길 116
서울특별시,강동구,순정키친,서울특별시 강동구 천호대로 1089 
서울특별시,강동구,전주가,서울특별시 강동구 성내로8길 9-20
서울특별시,강동구,어전,서울특별시 강동구 성안로3길 112-5
서울특별시,강동구,청해수사,서울특별시 강동구 성내동 553-14
서울특별시,강동구,고석정,서울특별시 강동구 성내로 8-14
서울특별시,강동구,백제추어탕,서울특별시 강동구 양재대로 1406
서울특별시,강동구,농협안심한우마을,서울특별시 강동구 양재대로 1422
서울특별시,강동구,산장가든,서울특별시 강동구 동남로49길 26
서울특별시,강동구,육대장강동성심병원점,서울특별시 강동구 성안로 158
서울특별시,강동구,완도바다,서울특별시 강동구 성안로 182
서울특별시,강동구,천호점로니로티,서울특별시 강동구 천호대로 1027
서울특별시,강동구,서울진우동덮밥,서울특별시 강동구 성내동 539
서울특별시,강동구,한우촌돼지마을&간장게장,서울특별시 강동구 양재대로 1534 
서울특별시,강동구,송가네,서울특별시 강동구 동남로75길 13 
서울특별시,강동구,닐리비스트로,서울특별시 강동구 동남로73길 31
서울특별시,강동구,김선장횟집,서울특별시 올림픽로98길 49 
서울특별시,강동구,아름다운제주돈,서울특별시 강동구 고덕로38길 39
서울특별시,강동구,"원할머니보쌈,족발&박가부대암사점",서울특별시 올림픽로 814 
서울특별시,강동구,카레식당이토야본점,서울특별시 올림픽로 821
서울특별시,강동구,소쿡한마리정육식당,서울특별시 강동구 상암로 32
서울특별시,강동구,선사복집,서울특별시 올림픽로 811 
서울특별시,강동구,드딜라이트,서울특별시 암사동 441번지 
서울특별시,강동구,황토추어탕,서울특별시 강동구 성안로 7-12 
서울특별시,강동구,황도바지락칼국수,서울특별시 강동구 천호대로 1256 
서울특별시,강동구,해안반점,서울특별시 강동구 고덕로10길 48
서울특별시,강동구,할머니 추어탕,서울특별시 강동구 구천면로 516 
서울특별시,강동구,한결가튼 닭갈비,서울특별시 강동구 천호대로177길 55 
서울특별시,강동구,파스타130,서울특별시 강동구 강동대로 53길22 
서울특별시,강동구,토속한방삼계탕,서울특별시 강동구 천호대로 1152
서울특별시,강동구,큰마루,서울특별시 강동구 동남로73길 23
서울특별시,강동구,춘향골남원추어탕,서울특별시 강동구 양재대로111길 16
서울특별시,강동구,채선당(둔촌점),서울특별시 강동구 천호대로 1200
서울특별시,강동구,채선당,서울특별시 강동구 천호대로 1200
서울특별시,강동구,참치애난,서울특별시 강동구 천호옛14길 32 
서울특별시,강동구,차오차오,서울특별시 강동구 아리수로 423
서울특별시,강동구,지호한방삼계탕,서울특별시 강동구 올림픽로 813 
서울특별시,강동구,인기명,서울특별시 강동구 상일로 6길39 
서울특별시,강동구,웅골,서울특별시 강동구 강동대로53길 18
서울특별시,강동구,우리김밥,서울특별시 강동구 명일로 144
서울특별시,강동구,온돌더프라임,서울특별시 강동구 천호대로 1077 
서울특별시,강동구,오마뎅고덕강일2지구,서울특별시 강동구 아리수로93나길50 
서울특별시,강동구,오륜정,서울특별시 강동구 성내로6길 32 
서울특별시,강동구,옛날손짜장,서울특별시 강동구 구천면로 436 
서울특별시,강동구,영광굴비식당,서울특별시 강동구 성내동 550-7
서울특별시,강동구,양자강,서울특별시 강동구 상암로49길 8 
서울특별시,강동구,씨제이푸드빌(주)빕스올림픽점,서울특별시 강동구 강동대로 143-8
서울특별시,강동구,쌈촌명일점,서울특별시 강동구 동남로75길 13
서울특별시,강동구,신라삼계탕,서울특별시 강동구 성내동 556
서울특별시,강동구,신가네해물닭갈비,서울특별시 강동구 올림픽로 70길35
서울특별시,강동구,시집,서울특별시 강동구 천호대로 158길 15-8
서울특별시,강동구,수유리우동집,서울특별시 강동구 양재대로 1448 
서울특별시,강동구,서울면옥,서울특별시 강동구 동남로75길 13-7 
서울특별시,강동구,산수고원,서울특별시 강동구 동남로 588
서울특별시,강동구,보성갈비,서울특별시 양재대로89가길 14
서울특별시,강동구,보릿골강동점,서울특별시 강동구 동남로 708
서울특별시,강동구,방가네 남원추어탕,서울특별시 강동구 올림픽로 690 
서울특별시,강동구,밥먹자돈먹자,서울특별시 강동구 천중로 196
서울특별시,강동구,묵호,서울특별시 강동구 천호옛길 40 
서울특별시,강동구,목포쭈꾸미삼겹살,서울특별시 강동구 암사동 479-13 
서울특별시,강동구,명일식당,서울특별시 강동구 양재대로143길9 
서울특별시,강동구,명동찌개마을,서울특별시 강동구 성내동 464-4
서울특별시,강동구,마실,서울특별시 강동구 동남로73길 31
서울특별시,강동구,리끼다,서울특별시 강동구 천호대로 168가길 64 
서울특별시,강동구,라그릴리아천호점,서울특별시 강동구 천호대로 1005 
서울특별시,강동구,등촌동샤브샤브칼국수,서울특별시 강동구 양재대로 1665
서울특별시,강동구,동촌수끼샤브칼국수,서울특별시 강동구 명일로 106-12 
서울특별시,강동구,돌판구이 또박이,서울특별시 강동구 구천면로 17길32 
서울특별시,강동구,도원스타일천호점,서울특별시 강동구 천호대로 1005
서울특별시,강동구,더두툼생고기,서울특별시 강동구 구천면로 666
서울특별시,강동구,대관령 두부마을,서울특별시 강동구 성안로3길 99 
서울특별시,강동구,농부의 꿈,서울특별시 강동구 상일로 33 
서울특별시,강동구,놀부부대찌개 고덕역점,서울특별시 강동구 동남로75길 13-21 
서울특별시,강동구,낙지전문점무교동홍낙,서울특별시 강동구 강동대로 189
서울특별시,강동구,나주관,서울특별시 강동구 강동대로53길 31 
서울특별시,강동구,꿀꿀진순대국,서울특별시 강동구 양재대로 103길70
서울특별시,강동구,길조,서울특별시 강동구 천호대로 1173
서울특별시,강동구,긴자,서울특별시 강동구 강동대로 223
서울특별시,강동구,고덕가든,서울특별시 강동구 아리수로 181-19
서울특별시,강동구,갯마루,서울특별시 강동구 양재대로103길 38
서울특별시,강동구,개삼터 오리전문점,서울특별시 강동구 양재대로124길 35 
서울특별시,강동구,강앤치킨,서울특별시 강동구 상일로 6길39 
서울특별시,강동구,강동일식,서울특별시 강동구 동남로73길 17
서울특별시,강동구,강동반상,서울특별시 강동구 상일로 6길39 
서울특별시,강동구,강돈,서울특별시 강동구 상일로 6길39
서울특별시,강동구,3692숯불바베큐전문점,서울특별시 강동구 강동대로 177
서울특별시,강동구,1등 돼지숯불갈비,서울특별시 강동구 상암로12길 9
서울특별시,강서구,화로구이,서울특별시 강서구 강서로 374
서울특별시,강서구,홍린,서울특별시 강서구 우장산로15길 25
서울특별시,강서구,현대옥서울강서점,서울특별시 강서구 화곡로 346
서울특별시,강서구,한우정,서울특별시 강서구 공항대로 195
서울특별시,강서구,한우리김포점,서울특별시 강서구 하늘길 38
서울특별시,강서구,한옥마을전주비빔밥강서점,서울특별시 강서구 화곡로 398
서울특별시,강서구,하남돼지집발산점,서울특별시 강서구 강서로54길 49
서울특별시,강서구,풍천황토민물장어,서울특별시 강서구 양천로 410
서울특별시,강서구,푸주도가니,서울특별시 강서구 까치산로 183
서울특별시,강서구,푸드엠파이어이대서울병원청진동순두부,서울특별시 강서구 공항대로 260
서울특별시,강서구,푸드엠파이어이대서울병원불고기명가,서울특별시 강서구 공항대로 260
서울특별시,강서구,푸드엠파이어이대서울병원남산왕돈가스,서울특별시 강서구 공항대로 260
서울특별시,강서구,페이페이롯데몰김포공항점,서울특별시 강서구 하늘길 38
서울특별시,강서구,팔도미락,서울특별시 강서구 우장산로 123
서울특별시,강서구,토끼정마곡점,서울특별시 강서구 마곡동로 55
서울특별시,강서구,토끼정롯데몰김포공항점,서울특별시 강서구 하늘길 38
서울특별시,강서구,태풍참치,서울특별시 강서구 공항대로 261
서울특별시,강서구,코코이찌방야롯데몰김포공항점,서울특별시 강서구 하늘길 38
서울특별시,강서구,캘리포니아피자키친김포공항점,서울특별시 강서구 하늘길 38
서울특별시,강서구,캐슬테라스(CastleTerrace),서울특별시 강서구 방화대로 94
서울특별시,강서구,카리브,서울특별시 강서구 공항대로 271
서울특별시,강서구,취락한방능이백숙,서울특별시 강서구 화곡로53길 7-8
서울특별시,강서구,춘천전통69닭갈비,서울특별시 강서구 송정로 64
서울특별시,강서구,촌장골,서울특별시 강서구 양천로 59
서울특별시,강서구,초애삼계탕마곡점,서울특별시 강서구 공항대로 205
서울특별시,강서구,청산별곡,서울특별시 강서구 공항대로 290
서울특별시,강서구,채선당월남쌈샤브(마곡점),서울특별시 강서구 마곡동로 56
서울특별시,강서구,채선당,서울특별시 강서구 양천로 28
서울특별시,강서구,참치왕양승호,서울특별시 강서구 마곡동로4길 15
서울특별시,강서구,차이(Chai)797김포롯데몰점,서울특별시 강서구 하늘길 38
서울특별시,강서구,지호한방삼계탕,서울특별시 강서구 등촌로 69
서울특별시,강서구,죽이야기,서울특별시 강서구 강서로47가길 6
서울특별시,강서구,주식회사한우1번지,서울특별시 강서구 양천로 564
서울특별시,강서구,주식회사명가원설농탕,서울특별시 강서구 강서로 195
서울특별시,강서구,㈜동궁마곡점,서울특별시 강서구 마곡중앙6로 21
서울특별시,강서구,주)캘리스코사보텐롯데몰김포공항점,서울특별시 강서구 하늘길 38
서울특별시,강서구,조선갈비,서울특별시 강서구 공항대로 341
서울특별시,강서구,자연별곡NC강서점,서울특별시 강서구 강서로56길 17
서울특별시,강서구,자연과함께한칼국수,서울특별시 강서구 강서로34길 18
서울특별시,강서구,자매나주곰탕,서울특별시 강서구 마곡중앙6로 40
서울특별시,강서구,임진강민물장어,서울특별시 강서구 양천로 723
서울특별시,강서구,익스퍼2(EXPER2),서울특별시 강서구 마곡서로 152
서울특별시,강서구,이차돌발산역점,서울특별시 강서구 마곡중앙6로 66
서울특별시,강서구,"이원(李園,LeeWon)",서울특별시 강서구 방화대로 94
서울특별시,강서구,원당감자탕,서울특별시 강서구 공항대로41길 34
서울특별시,강서구,우학면옥,서울특별시 강서구 공항대로 261
서울특별시,강서구,우리마을셀프장어네,서울특별시 강서구 곰달래로 254
서울특별시,강서구,"온라이프다이닝NC강서점(이루면옥,테루,아시아문)",서울특별시 강서구 강서로56길 17
서울특별시,강서구,온더보더롯데몰김포공항점,서울특별시 강서구 하늘길 38
서울특별시,강서구,오백년장어등촌점,서울특별시 강서구 공항대로 367
서울특별시,강서구,어촌,서울특별시 강서구 까치산로 64
서울특별시,강서구,어다리횟집발산점,서울특별시 강서구 강서로54길 14
서울특별시,강서구,양촌리,서울특별시 강서구 화곡로 109
서울특별시,강서구,애슐리퀸즈롯데백화점김포공항점,서울특별시 강서구 하늘길 38
서울특별시,강서구,애슐리퀸즈NC강서점,서울특별시 강서구 강서로56길 17
서울특별시,강서구,아웃백스테이크하우스공항점,서울특별시 강서구 마곡중앙6로 16
서울특별시,강서구,아그라,서울특별시 강서구 하늘길 38
서울특별시,강서구,씨제이푸드빌(주)빕스등촌점,서울특별시 강서구 공항대로 311
서울특별시,강서구,쌈촌방화역점,서울특별시 강서구 방화대로47가길 7
서울특별시,강서구,신의주순대와쭈꾸미,서울특별시 강서구 화곡로68길 47
서울특별시,강서구,신안갯벌세발낙지,서울특별시 강서구 우장산로15길 3
서울특별시,강서구,신고집해물찜,서울특별시 강서구 강서로 188
서울특별시,강서구,숙성한돈,서울특별시 강서구 공항대로 290
서울특별시,강서구,수라한우,서울특별시 강서구 양천로 364
서울특별시,강서구,송화명가,서울특별시 강서구 강서로45나길 47
서울특별시,강서구,송추가마골롯데몰김포공항지점,서울특별시 강서구 하늘길 38
서울특별시,강서구,속초붉은대게,서울특별시 강서구 화곡로60길 22
서울특별시,강서구,설악추어탕,서울특별시 강서구 금낭화로 105
서울특별시,강서구,서가앤쿡마곡점,서울특별시 강서구 마곡동로 55
서울특별시,강서구,샤브미강서점,서울특별시 강서구 화곡로 398
서울특별시,강서구,생어거스틴김포공항점,서울특별시 강서구 하늘길 38
서울특별시,강서구,삿뽀로등촌점(주)엔타스,서울특별시 강서구 공항대로 347
서울특별시,강서구,사이드쇼,서울특별시 강서구 하늘길 38
서울특별시,강서구,불곰,서울특별시 강서구 마곡중앙6로 16
서울특별시,강서구,봉추찜닭김포공항점,서울특별시 강서구 하늘길 38
서울특별시,강서구,봉래헌(蓬萊軒),서울특별시 강서구 방화대로 94
서울특별시,강서구,본죽강서보건소점,서울특별시 강서구 공항대로 553
서울특별시,강서구,본설우장산역점,서울특별시 강서구 강서로 259
서울특별시,강서구,본가왕뼈감자탕,서울특별시 강서구 곰달래로 215-1
서울특별시,강서구,보타닉파크웨딩,서울특별시 강서구 마곡중앙5로 6
서울특별시,강서구,베이징화곡본점,서울특별시 강서구 화곡로 118
서울특별시,강서구,베뉴지,서울특별시 강서구 강서로 388
서울특별시,강서구,백제원등촌점,서울특별시 강서구 공항대로 367
서울특별시,강서구,방화초록동원칼국수,서울특별시 강서구 금낭화로 108
서울특별시,강서구,발산역맛찬들왕소금구이,서울특별시 강서구 강서로 375-7
서울특별시,강서구,발산삼계탕,서울특별시 강서구 강서로 344
서울특별시,강서구,박가부대홈플러스강서점,서울특별시 강서구 화곡로 398
서울특별시,강서구,밀방떡,서울특별시 강서구 공항대로 261
서울특별시,강서구,미스터피자발산점,서울특별시 강서구 강서로 281
서울특별시,강서구,무교동참낙지,서울특별시 강서구 마곡중앙6로 85
서울특별시,강서구,명태어장,서울특별시 강서구 우장산로 121
서울특별시,강서구,명량,서울특별시 강서구 양천로 401
서울특별시,강서구,명동가츠라,서울특별시 강서구 하늘길 38
서울특별시,강서구,명돈가참숯갈비,서울특별시 강서구 양천로 410
서울특별시,강서구,명가원설농탕,서울특별시 강서구 화곡로 283
서울특별시,강서구,메이탄,서울특별시 강서구 강서로 242
서울특별시,강서구,맹순이꽃게아구전문점,서울특별시 강서구 공항대로 272
서울특별시,강서구,망향비빔국수,서울특별시 강서구 양천로 720
서울특별시,강서구,맛남굼터,서울특별시 강서구 강서로45가길 10
서울특별시,강서구,마실,서울특별시 강서구 공항대로 290
서울특별시,강서구,마산아구찜,서울특별시 강서구 금낭화로 135
서울특별시,강서구,리미니이마트가양점,서울특별시 강서구 양천로 559
서울특별시,강서구,라페스타(LAFESTA),서울특별시 강서구 방화대로 94
서울특별시,강서구,등촌샤브칼국수,서울특별시 강서구 강서로56가길 65
서울특별시,강서구,돌쇠감자탕순대국,서울특별시 강서구 공항대로65길 1-5
서울특별시,강서구,돈구이소정육식당,서울특별시 강서구 곰달래로 201
서울특별시,강서구,도쿄하나등촌점,서울특별시 강서구 공항대로 367
서울특별시,강서구,도일처,서울특별시 강서구 개화동로 567
서울특별시,강서구,더존한우,서울특별시 강서구 하늘길 233
서울특별시,강서구,대박감자탕,서울특별시 강서구 곰달래로 255
서울특별시,강서구,대게나라발산점,서울특별시 강서구 공항대로 290
서울특별시,강서구,대가원,서울특별시 강서구 공항대로 209
서울특별시,강서구,다도해,서울특별시 강서구 마곡동로 62
서울특별시,강서구,능라도,서울특별시 강서구 마곡동로 56
서울특별시,강서구,눈꽃한우,서울특별시 강서구 공항대로 290
서울특별시,강서구,남다른감자탕,서울특별시 강서구 금낭화로 29
서울특별시,강서구,낙원(樂源),서울특별시 강서구 방화대로 94
서울특별시,강서구,꽃마름샤브신방화역점(스시&샐러드),서울특별시 강서구 마곡중앙5로 81
서울특별시,강서구,꼼떼(Commtte),서울특별시 강서구 마곡중앙로 161-11
서울특별시,강서구,궁중추어탕,서울특별시 강서구 개화동로 565
서울특별시,강서구,국민전통갈비미소그릴,서울특별시 강서구 우장산로 119
서울특별시,강서구,교동짬뽕강서구청점,서울특별시 강서구 화곡로 320
서울특별시,강서구,공항컨벤션웨딩,서울특별시 강서구 강서로 357
서울특별시,강서구,고향맛집,서울특별시 강서구 공항대로44길 50
서울특별시,강서구,갯마을식당,서울특별시 강서구 양천로 362
서울특별시,강서구,강서분식센타,서울특별시 강서구 공항대로36길 129
서울특별시,강서구,강서복집,서울특별시 강서구 공항대로59길 8
서울특별시,강서구,강남면옥마곡점,서울특별시 강서구 마곡동로 55
서울특별시,강서구,감사한양마곡점,서울특별시 강서구 마곡동로4길 23
서울특별시,강서구,가든키친(GardenKitchen),서울특별시 강서구 마곡중앙12로 10
서울특별시,강서구,T.G.I.F김포공항점,서울특별시 강서구 하늘길 38
서울특별시,강서구,(주)이춘복참치발산역점,서울특별시 강서구 공항대로 287
서울특별시,강서구,(주)엠에프지코리아매드포갈릭발산점,서울특별시 강서구 공항대로 300
서울특별시,강서구,(주)더벨즈,서울특별시 강서구 양천로60길 19
서울특별시,강서구,(주)닥터로빈,서울특별시 강서구 공항대로 396
서울특별시,강서구,(주)금고깃집마곡본점,서울특별시 강서구 마곡동로 61
서울특별시,관악구,황제갈비,서울특별시 관악구 남부순환로 1644
서울특별시,관악구,화로숯불구이돈마을,서울특별시 관악구 장군봉1길 49 
서울특별시,관악구,화로구이,서울특별시 관악구 남부순환로 1453
서울특별시,관악구,해태식당,서울특별시 관악구 청룡1길 33 
서울특별시,관악구,해담촌,서울특별시 관악구 신림로 300 
서울특별시,관악구,할매보쌈,서울특별시 관악구 신림로 351 
서울특별시,관악구,한남식당,서울특별시 관악구 관천로 57-1
서울특별시,관악구,한근한방삼계탕,서울특별시 관악구 봉천로 396 
서울특별시,관악구,한고을해물칼국수,서울특별시 관악구 난곡로 100 
서울특별시,관악구,하노이별,서울특별시 관악구 신림로11길 18
서울특별시,관악구,풍무양꼬치,서울특별시 관악구 시흥대로 572 
서울특별시,관악구,풍년집,서울특별시 관악구 난곡로 232 
서울특별시,관악구,풍년오리,서울특별시 관악구 관악로15길 9
서울특별시,관악구,표태룡의우성각,서울특별시 관악구 관악로 268 
서울특별시,관악구,통통갈비집,서울특별시 관악구 신림로65길 16 
서울특별시,관악구,태능숯불갈비,서울특별시 관악구 봉천로7길 30 
서울특별시,관악구,탐나종합어시장(난곡사거리점),서울특별시 관악구 남부순환로 1481 
서울특별시,관악구,탐나종합어시장(구로디지털역점),서울특별시 관악구 조원로 7 
서울특별시,관악구,타이펑,서울특별시 관악구 관악로24길 61
서울특별시,관악구,킷사서울,서울특별시 관악구 남부순환로226길 31
서울특별시,관악구,큰맘원조할매순대국,서울특별시 관악구 봉천로 594 
서울특별시,관악구,크라운호프(신림녹두점),서울특별시 관악구 호암로24길 37 
서울특별시,관악구,코바코(신림점),서울특별시 관악구 남부순환로 1631 
서울특별시,관악구,코바코(서울대점),서울특별시 관악구 신림로 73
서울특별시,관악구,코다리명가,서울특별시 관악구 시흥대로 552-1 
서울특별시,관악구,춘천날으는닭갈비,서울특별시 관악구 조원로 4 
서울특별시,관악구,초대,서울특별시 관악구 남부순환로 2082-37
서울특별시,관악구,청호,서울특별시 관악구 서림길 24 
서울특별시,관악구,청진동해장국,서울특별시 관악구 관악로 105 
서울특별시,관악구,청국장과보리밥,서울특별시 관악구 관악로24길 80 
서울특별시,관악구,창화당,서울특별시 관악구 봉천로 209 
서울특별시,관악구,진우리참치(주),서울특별시 관악구 봉천로 473 
서울특별시,관악구,진우리참치,서울특별시 관악구 봉천로 472 
서울특별시,관악구,죽이야기(관악신림역점),서울특별시 관악구 신림로 362 
서울특별시,관악구,㈜신세계푸드서울대학교교수식당소담마루,서울특별시 관악구 관악로 1 
서울특별시,관악구,㈜대교디엔에스대교타워점,서울특별시 관악구 보라매로3길 23
서울특별시,관악구,족팔려,서울특별시 관악구 남현3길 75 
서울특별시,관악구,조개천하,서울특별시 관악구 신원로 39 
서울특별시,관악구,정수사(鄭壽司),서울특별시 관악구 관악로 263
서울특별시,관악구,정박사정육식당,서울특별시 관악구 쑥고개로 2 
서울특별시,관악구,정박사정육식당,서울특별시 관악구 관악로14길 15
서울특별시,관악구,정가,서울특별시 관악구 남부순환로 1710 
서울특별시,관악구,전주현대옥신림역점,서울특별시 관악구 신림로65길 12 
서울특별시,관악구,장항복아구전문,서울특별시 관악구 봉천로 186 
서울특별시,관악구,장수촌,서울특별시 관악구 남부순환로 2082-37 
서울특별시,관악구,장수우렁불백,서울특별시 관악구 관악로 148 
서울특별시,관악구,일구칠구매운탕,서울특별시 관악구 신림로26길 5
서울특별시,관악구,일구칠구매운탕,서울특별시 관악구 난곡로 329 
서울특별시,관악구,이차돌서울대입구역점,서울특별시 관악구 봉천로 471-1 
서울특별시,관악구,이금옥샤브샤브칼국수,서울특별시 관악구 관악로 132 
서울특별시,관악구,은행골서울대입구역점,서울특별시 관악구 관악로 174 
서울특별시,관악구,위탑에프앤비,서울특별시 관악구 신림로 340 
서울특별시,관악구,월화고기,서울특별시 관악구 보라매로3길 16 
서울특별시,관악구,원할머니보쌈족발&박가부대찌개화쭈구미,서울특별시 관악구 남부순환로 1855
서울특별시,관악구,원주골돌솥추어탕,서울특별시 관악구 봉천로 190 
서울특별시,관악구,웃찾소,서울특별시 관악구 신림로 85
서울특별시,관악구,우리참순대,서울특별시 관악구 관악로 148
서울특별시,관악구,온정돈까스,서울특별시 관악구 조원로 60 
서울특별시,관악구,온돌,서울특별시 관악구 봉천로 534 
서울특별시,관악구,오삼,서울특별시 관악구 신림동5길 31 
서울특별시,관악구,옛날육개장,서울특별시 관악구 관악로 154-6 
서울특별시,관악구,옛날불고기,서울특별시 관악구 신림로18가길 24 
서울특별시,관악구,옛날농장,서울특별시 관악구 봉천로 262
서울특별시,관악구,예전,서울특별시 관악구 봉천로 209 
서울특별시,관악구,예소반,서울특별시 관악구 문성로 225 
서울특별시,관악구,엔칙스치킨신림점,서울특별시 관악구 신림동5가길 23
서울특별시,관악구,언덕,서울특별시 관악구 남부순환로186길 12
서울특별시,관악구,어회가&무한장어,서울특별시 관악구 신림동5길 48
서울특별시,관악구,어오내닭볶이탕서울대입구맛집,서울특별시 관악구 관악로 154-5 
서울특별시,관악구,양평해장국,서울특별시 관악구 봉천로 229
서울특별시,관악구,양평서울해장국큰아들집서울대입구역점,서울특별시 관악구 남부순환로 1797 
서울특별시,관악구,양평서울해장국,서울특별시 관악구 남부순환로 1465
서울특별시,관악구,아무거나치킨,서울특별시 관악구 봉천로 469-17 
서울특별시,관악구,아리차이,서울특별시 관악구 신림동길 4
서울특별시,관악구,쌈마을,서울특별시 관악구 남부순환로226길 31
서울특별시,관악구,심가면옥,서울특별시 관악구 신림로 121 
서울특별시,관악구,신안산낙지철판,서울특별시 관악구 봉천로 213-20 
서울특별시,관악구,신안바다장어,서울특별시 관악구 봉천로 385 
서울특별시,관악구,신안갯뻘낙지명태어장,서울특별시 관악구 난곡로 330
서울특별시,관악구,신선설농탕,서울특별시 관악구 관악로 163
서울특별시,관악구,신림춘천집본점,서울특별시 관악구 남부순환로 1600-8 
서울특별시,관악구,시골집,서울특별시 관악구 낙성대로 22-7 
서울특별시,관악구,시골명가,서울특별시 관악구 남현1길 40 
서울특별시,관악구,스시건,서울특별시 관악구 호암로24길 35 
서울특별시,관악구,순두부와청국장그리고찜,서울특별시 관악구 신원로 35 
서울특별시,관악구,수제눈꽃돼지갈비,서울특별시 관악구 봉천로 219-8 
서울특별시,관악구,송탄부대찌개,서울특별시 관악구 봉천로 382-1 
서울특별시,관악구,소문난대구왕뽈찜,서울특별시 관악구 봉천로62길 5 
서울특별시,관악구,소담소담,서울특별시 관악구 난곡로66길 11 
서울특별시,관악구,세븐스테이크,서울특별시 관악구 봉천로 209
서울특별시,관악구,서서갈비,서울특별시 관악구 보라매로 16
서울특별시,관악구,상도늘보리봉천역점,서울특별시 관악구 봉천로 379 
서울특별시,관악구,삼수갑산,서울특별시 관악구 남현1길 38-9 
서울특별시,관악구,삼성웰스토리㈜서울대연구공원,서울특별시 관악구 관악로 1
서울특별시,관악구,삼백돈돈가츠,서울특별시 관악구 남부순환로230길 48 
서울특별시,관악구,삼미옥,서울특별시 관악구 남부순환로 1829-6 
서울특별시,관악구,삼다돈가(봉천점),서울특별시 관악구 관악로 246 
서울특별시,관악구,산야로,서울특별시 관악구 관악로 111
서울특별시,관악구,뽕잎사랑뽕잎냉면버섯샤브칼국수,서울특별시 관악구 남부순환로 1915
서울특별시,관악구,브리에하우스,서울특별시 관악구 신림로 340 
서울특별시,관악구,불삼시대,서울특별시 관악구 신림로65길 24 
서울특별시,관악구,부추삼겹살딱이야,서울특별시 관악구 신림동5길 49 
서울특별시,관악구,본도시락신림점,서울특별시 관악구 신림동길 31-1
서울특별시,관악구,병천가마솥순대국,서울특별시 관악구 호암로22길 77 
서울특별시,관악구,백상갈비,서울특별시 관악구 낙성대로 18
서울특별시,관악구,백년초갈비탕,서울특별시 관악구 신림로7길 10 
서울특별시,관악구,백년식당,서울특별시 관악구 신원로 5-1 
서울특별시,관악구,배영만당진아구,서울특별시 관악구 봉천로 560 
서울특별시,관악구,배가네동태탕·찜전문점(서울대입구역점),서울특별시 관악구 관악로15길 6 
서울특별시,관악구,바르미샤브샤브n칼국수롯데관악점,서울특별시 관악구 봉천로 209 
서울특별시,관악구,바로수제햄부대찌개,서울특별시 관악구 봉천로 378 
서울특별시,관악구,미가할매집,서울특별시 관악구 신림로 374
서울특별시,관악구,미가면옥,서울특별시 관악구 관악로 246 
서울특별시,관악구,무안낙지세상,서울특별시 관악구 조원로 107
서울특별시,관악구,몽고샤브샤브,서울특별시 관악구 봉천로 572
서울특별시,관악구,목포산낙지철판해물,서울특별시 관악구 조원로 125-1 
서울특별시,관악구,모힝,서울특별시 관악구 남부순환로226길 36 
서울특별시,관악구,명품횡성한우가,서울특별시 관악구 봉천로 266 
서울특별시,관악구,명태어장,서울특별시 관악구 남부순환로 1852
서울특별시,관악구,명태랑족발이랑,서울특별시 관악구 신원로 6 
서울특별시,관악구,메밀꽃밭언덕너머,서울특별시 관악구 관악로 138 
서울특별시,관악구,맛있는도적,서울특별시 관악구 관악로 110-1 
서울특별시,관악구,만성찬팅,서울특별시 관악구 신림로 322-4 
서울특별시,관악구,만나칼국수,서울특별시 관악구 봉천로7길 23
서울특별시,관악구,막불감동,서울특별시 관악구 남부순환로 1599
서울특별시,관악구,막걸리바막이오름샤로수길본점,서울특별시 관악구 관악로14길 70 
서울특별시,관악구,마뇨떡볶이,서울특별시 관악구 신원로 35 
서울특별시,관악구,리춘시장샤로수길지점,서울특별시 관악구 관악로14길 22
서울특별시,관악구,런던부페,서울특별시 관악구 남부순환로 1454
서울특별시,관악구,들깨향장수밀,서울특별시 관악구 봉천로 355 
서울특별시,관악구,두마리찜닭두찜관악인헌점,서울특별시 관악구 인헌9길 13 
서울특별시,관악구,두둑한샤브칼국수,서울특별시 관악구 신림로64길 17 
서울특별시,관악구,돈파스팔레,서울특별시 관악구 봉천로 568-1 
서울특별시,관악구,돈가대박집,서울특별시 관악구 관악로 222
서울특별시,관악구,도토리편백롯데백화점관악점,서울특별시 관악구 봉천로 209 
서울특별시,관악구,대호아구집,서울특별시 관악구 남부순환로 1829-9
서울특별시,관악구,대추나무골감자탕,서울특별시 관악구 조원중앙로 42 
서울특별시,관악구,대감숯불갈비,서울특별시 관악구 난우길 20 
서울특별시,관악구,달인족발,서울특별시 관악구 난우길 26-1 
서울특별시,관악구,다니엘스키친흑돈,서울특별시 관악구 신림로23길 20-9 
서울특별시,관악구,눈꽃초밥,서울특별시 관악구 법원단지길 38 
서울특별시,관악구,농협안심한우마을,서울특별시 관악구 남부순환로 1369
서울특별시,관악구,남원추어탕,서울특별시 관악구 쑥고개로 135 
서울특별시,관악구,낙성곱창,서울특별시 관악구 봉천로 495-3 
서울특별시,관악구,나주곰탕,서울특별시 관악구 신림로28길 30 
서울특별시,관악구,김영자나주곰탕,서울특별시 관악구 봉천로 213-18 
서울특별시,관악구,김명자낙지마당(신림점),서울특별시 관악구 조원로 73
서울특별시,관악구,금비,서울특별시 관악구 신림로 164
서울특별시,관악구,굴마을낙지촌,서울특별시 관악구 남부순환로 1627 
서울특별시,관악구,구이닭연구소,서울특별시 관악구 관악로14길 101
서울특별시,관악구,구영회참치앤초밥,서울특별시 관악구 신원로 34
서울특별시,관악구,구수옥설렁탕,서울특별시 관악구 남부순환로 1696 
서울특별시,관악구,광시생고기,서울특별시 관악구 관악로30길 15 
서울특별시,관악구,곤지암할매소머리국밥왕갈비탕,서울특별시 관악구 문성로 96 
서울특별시,관악구,고창복의낙지세상,서울특별시 관악구 남부순환로 1725 
서울특별시,관악구,고베그릴,서울특별시 관악구 남부순환로 2082-25
서울특별시,관악구,고기마을정육식당,서울특별시 관악구 남부순환로 1770
서울특별시,관악구,계탄언니,서울특별시 관악구 과천대로 951
서울특별시,관악구,거당,서울특별시 관악구 남부순환로 2064
서울특별시,관악구,갯바위,서울특별시 관악구 남부순환로216길 13 
서울특별시,관악구,강강술래신림본동점,서울특별시 관악구 남부순환로 1660 
서울특별시,관악구,가마솥삼계탕,서울특별시 관악구 대학6길 22 
서울특별시,관악구,가마솥,서울특별시 관악구 관악로17길 13 
서울특별시,관악구,가마꿉신림점,서울특별시 관악구 관천로 43
서울특별시,광진구,장충한방족발,서울특별시 광진구 천호대로129길 41
서울특별시,광진구,이차돌군자역점,서울특별시 광진구 능동로 294
서울특별시,광진구,내담,서울특별시 광진구 능동로19길 35
서울특별시,광진구,집파스타,서울특별시 광진구 광나루로56길 85 
서울특별시,광진구,페스타마레,서울특별시 광진구 동일로20길 114
서울특별시,광진구,족발명가,서울특별시 광진구 아차산로62길 14-2
서울특별시,광진구,대원칼국수,서울특별시 광진구 자양로18길56
서울특별시,광진구,전설의짬뽕아차산점,서울특별시 광진구 자양로43길 42
서울특별시,광진구,경복궁,서울특별시 광진구 광나루로56길 85 
서울특별시,광진구,다이야,서울특별시 광진구 자양번영로6길 67
서울특별시,광진구,쉐프스카페테리아,서울특별시 광진구 구의강변로 83
서울특별시,광진구,담꼬직화구이정식,서울특별시 광진구 자양로13길 9 
서울특별시,광진구,영동교집,서울특별시 광진구 아차산로33길 16-2
서울특별시,광진구,마린보이동태해물찜코다리1번가,서울특별시 광진구 아차산로 421
서울특별시,광진구,전주콩나물국밥,서울특별시 광진구 구의강변로 106
서울특별시,광진구,황금돼지,서울특별시 광진구 아차산로 444
서울특별시,광진구,청담,서울특별시 광진구 구의강변로 92
서울특별시,광진구,장강,서울특별시 광진구 광나루로56길 85
서울특별시,광진구,윤식당,서울특별시 광진구 광나루로56길 85
서울특별시,광진구,산천,서울특별시 광진구 광나루로56길 85
서울특별시,광진구,폽타이,서울특별시 광진구 자양번영로6길 60
서울특별시,광진구,탄뽀뽀,서울특별시 광진구 광나루로56길 85
서울특별시,광진구,신라전골,서울특별시 광진구 광나루로56길 85
서울특별시,광진구,상상돈가스,서울특별시 광진구 광나루로56길 85
서울특별시,광진구,마루샤브아차산역,서울특별시 광진구 천호대로 633
서울특별시,광진구,동신참치,서울특별시 광진구 광나루로56길 85
서울특별시,광진구,기절초풍물닭갈비,서울특별시 광진구 자양로13길 88-1
서울특별시,광진구,엄마손식당,서울특별시 광진구 자양번영로 13
서울특별시,광진구,리춘시장건대점,서울특별시 광진구 아차산로33길 44
서울특별시,광진구,롯데리아건대역점,서울특별시 광진구 능동로 110
서울특별시,광진구,롤링파스타건대점,서울특별시 광진구 능동로 127
서울특별시,광진구,홍코너(테크노마트점),서울특별시 광진구 광나루로56길 85 
서울특별시,광진구,호호칼국수,서울특별시 광진구 광나루로56길 85 
서울특별시,광진구,해까득죽,서울특별시 광진구 광나루로56길 85 
서울특별시,광진구,해까득비빔밥,서울특별시 광진구 광나루로56길 85 
서울특별시,광진구,한끼라면,서울특별시 광진구 광나루로56길 85 
서울특별시,광진구,하코야,서울특별시 광진구 광나루로56길 85 
서울특별시,광진구,테판스타,서울특별시 광진구 광나루로56길 85
서울특별시,광진구,콩이랑두부랑,서울특별시 광진구 아차산로 431 
서울특별시,광진구,최씨부엌,서울특별시 광진구 광나루로56길 85 
서울특별시,광진구,청년다방강변점,서울특별시 광진구 구의강변로 88-1 
서울특별시,광진구,천년초손칼국수,서울특별시 광진구 아차산로 431 
서울특별시,광진구,참토우,서울특별시 광진구 구의강변로 81
서울특별시,광진구,차이나궁,서울특별시 광진구 광나루로56길 85 
서울특별시,광진구,지리산정육식당,서울특별시 광진구 광나루로54길 38
서울특별시,광진구,㈜오투스페이스(롯데마트안),서울특별시 광진구 광나루로56길 85
서울특별시,광진구,전선생가,서울특별시 광진구 광나루로56길 85 
서울특별시,광진구,장안냉면,서울특별시 광진구 광나루로56길 85 
서울특별시,광진구,이씨주방,서울특별시 광진구 아차산로 431 
서울특별시,광진구,육육구이,서울특별시 광진구 아차산로62길 3
서울특별시,광진구,유명한감자탕,서울특별시 광진구 아차산로 467 
서울특별시,광진구,우리가육칠팔,서울특별시 광진구 구의강변로 86 
서울특별시,광진구,여수갓김치,서울특별시 광진구 광나루로52길 104
서울특별시,광진구,엄마손구이,서울특별시 광진구 광나루로56길 85 
서울특별시,광진구,양촌리생삼겹살,서울특별시 광진구 아차산로 482
서울특별시,광진구,안동찜닭삼계탕,서울특별시 광진구 광나루로56길 85
서울특별시,광진구,아오키돈부리,서울특별시 광진구 광나루로56길 85 
서울특별시,광진구,시래마을,서울특별시 광진구 아차산로 431 
서울특별시,광진구,시골밥상,서울특별시 광진구 광나루로56길 85 
서울특별시,광진구,스시장,서울특별시 광진구 광나루로56길 85 
서울특별시,광진구,스시와꼬,서울특별시 광진구 구의강변로 90 
서울특별시,광진구,서울등심,서울특별시 광진구 아차산로 431 
서울특별시,광진구,서경일식,서울특별시 광진구 광나루로54길 6
서울특별시,광진구,삼삼이네,서울특별시 광진구 아차산로 431 
서울특별시,광진구,산골닭갈비,서울특별시 광진구 구의강변로7길 5
서울특별시,광진구,사랑채,서울특별시 광진구 아차산로 440-8
서울특별시,광진구,뽀빠이부대찌게,서울특별시 광진구 광나루로56길 85 
서울특별시,광진구,빠스또네,서울특별시 광진구 광나루로56길 85 
서울특별시,광진구,빛나는청춘,서울특별시 광진구 아차산로 457 
서울특별시,광진구,비스트로부오노,서울특별시 광진구 구의강변로 85-1
서울특별시,광진구,봉산집(강변점),서울특별시 광진구 구의강변로 87-4
서울특별시,광진구,베스트철판,서울특별시 광진구 광나루로56길 85 
서울특별시,광진구,민2우동,서울특별시 광진구 광나루로56길 85 
서울특별시,광진구,무교동낙지(구의점),서울특별시 광진구 아차산로 464
서울특별시,광진구,모모카,서울특별시 광진구 광나루로56길 85 
서울특별시,광진구,마마돈까스,서울특별시 광진구 광나루로56길 85 
서울특별시,광진구,롯데리아(롯데마트강변점),서울특별시 광진구 광나루로56길 85 
서울특별시,광진구,라미스테카레,서울특별시 광진구 광나루로56길 85 
서울특별시,광진구,따시하루커피베이커리,서울특별시 광진구 아차산로 431 
서울특별시,광진구,듬뿍칼국수,서울특별시 광진구 아차산로 463
서울특별시,광진구,동서울영계백숙,서울특별시 광진구 광나루로54길 9
서울특별시,광진구,두루두루,서울특별시 광진구 광나루로56길 85
서울특별시,광진구,도시바다,서울특별시 광진구 아차산로 451
서울특별시,광진구,도락,서울특별시 광진구 광나루로56길 85 
서울특별시,광진구,다래순두부,서울특별시 광진구 광나루로56길 85 
서울특별시,광진구,눈의꽃,서울특별시 광진구 광나루로56길 85
서울특별시,광진구,노가리,서울특별시 광진구 구의강변로 86 
서울특별시,광진구,낭만식객,서울특별시 광진구 구의강변로 85-1
서울특별시,광진구,꽉치킨,서울특별시 광진구 구의강변로 86
서울특별시,광진구,곱창이야기,서울특별시 광진구 구의강변로7길 3
서울특별시,광진구,고고기,서울특별시 광진구 아차산로 471 
서울특별시,광진구,갯마을,서울특별시 광진구 아차산로 443
서울특별시,광진구,강변나주곰탕,서울특별시 광진구 구의강변로 90
서울특별시,광진구,강변꼼장어쭈꾸미,서울특별시 광진구 구의강변로 79
서울특별시,광진구,맷돌로만,서울특별시 광진구 자양로 135
서울특별시,광진구,유키노하나,서울특별시 광진구 아차산로33길 21-5
서울특별시,광진구,청춘물고기,서울특별시 광진구 군자로 43
서울특별시,광진구,민벅,서울특별시 광진구 능동로13길 39
서울특별시,광진구,㈜남원추어탕,서울특별시 광진구 동일로 114
서울특별시,광진구,남원본가맛추어탕,서울특별시 광진구 동일로 112
서울특별시,광진구,숨비소리,서울특별시 광진구 능동로19길 17
서울특별시,광진구,능동곱창,서울특별시 광진구 긴고랑로 12
서울특별시,광진구,군자생고기,서울특별시 광진구 천호대로107길 8
서울특별시,광진구,명가네남원추어탕,서울특별시 광진구 능동로37길 11
서울특별시,광진구,군자닭갈비,서울특별시 광진구 능동로 315
서울특별시,광진구,장군갈비,서울특별시 광진구 용마산로 11
서울특별시,광진구,아웃백스테이크하우스,서울특별시 광진구 능동로 92
서울특별시,광진구,명륜진사갈비,서울특별시 광진구 능동로36길 187
서울특별시,광진구,홍천화로숯불구이,서울특별시 광진구 천호대로110길 27
서울특별시,광진구,왕돈,서울특별시 광진구 천호대로112길 13
서울특별시,광진구,만나정,서울특별시 광진구 능동로 254
서울특별시,광진구,장수마을정육식당,서울특별시 광진구 군자로 100
서울특별시,광진구,세종원,서울특별시 광진구 광나루로 373
서울특별시,광진구,하이난,서울특별시 광진구 능동로 243-1
서울특별시,광진구,손큰할매순대국,서울특별시 광진구 군자로 86
서울특별시,광진구,태평양회수산세꼬시,서울특별시 광진구 군자로 183
서울특별시,광진구,크래버대게나라,서울특별시 광진구 워커힐로 3
서울특별시,광진구,은행나무집,서울특별시 광진구 아차산로69길 20
서울특별시,광진구,산울,서울특별시 광진구 아차산로73길 48
서울특별시,광진구,의정부부대찌개,서울특별시 광진구 자양로18길 56 
서울특별시,광진구,명봉반점,서울특별시 광진구 뚝섬로31길 59
서울특별시,광진구,란주우육면,서울특별시 광진구 동일로18길 37
서울특별시,광진구,취헌꼬치구이전문점,서울특별시 광진구 동일로18길 35
서울특별시,광진구,롯데리아건대스타시티,서울특별시 광진구 아차산로 262 
서울특별시,광진구,다래나무,서울특별시 광진구 천호대로124길 24
서울특별시,광진구,오늘도고기,서울특별시 광진구 아차산로55길 24 
서울특별시,광진구,미가담,서울특별시 광진구 자양로 165
서울특별시,광진구,좋은사람들,서울특별시 광진구 아차산로51길 36-1
서울특별시,광진구,오돌이생삼겹,서울특별시 광진구 아차산로51길 74-1
서울특별시,광진구,창바위황태,서울특별시 광진구 능동로 302 
서울특별시,광진구,행복한우,서울특별시 광진구 구의강변로 30 
서울특별시,광진구,팍스부대찌개,서울특별시 광진구 아차산로 455 
서울특별시,광진구,소담,서울특별시 광진구 뚝섬로52다길 1 
서울특별시,광진구,연변냉면,서울특별시 광진구 뚝섬로27길 45
서울특별시,광진구,허씨마라회향,서울특별시 광진구 동일로18길 84
서울특별시,광진구,모리참치,서울특별시 광진구 천호대로 681
서울특별시,광진구,시옌,서울특별시 광진구 능동로 137-8 
서울특별시,광진구,삼일민물장어,서울특별시 광진구 천호대로 685 
서울특별시,광진구,콴차이,서울특별시 광진구 자양로18길 17 
서울특별시,광진구,까막돼지와버섯총각들,서울특별시 광진구 아차산로70길 17-17
서울특별시,광진구,곤지암소머리곰탕,서울특별시 광진구 아차산로 297
서울특별시,광진구,청춘부르스,서울특별시 광진구 천호대로109길 7
서울특별시,광진구,원복정,서울특별시 광진구 면목로 185
서울특별시,광진구,임면옥,서울특별시 광진구 능동로 338
서울특별시,광진구,휴온,서울특별시 광진구 아차산로51길 27
서울특별시,광진구,강릉엄지네꼬막집,서울특별시 광진구 아차산로 375
서울특별시,광진구,기덕이네생고기집,서울특별시 광진구 뚝섬로58길 26
서울특별시,광진구,램스야,서울특별시 광진구 아차산로78길 166
서울특별시,광진구,카페더네네,서울특별시 광진구 광나루로20가길 21  
서울특별시,광진구,달팽이부엌,서울특별시 광진구 자양번영로4길 19  
서울특별시,광진구,오늘도낙지,서울특별시 광진구 아차산로76길 6  
서울특별시,광진구,태천면옥,서울특별시 광진구 광장로 49 
서울특별시,광진구,카페딥,서울특별시 광진구 자양번영로 28  
서울특별시,광진구,뽀끼랑면이랑,서울특별시 광진구 아차산로69길 8 
서울특별시,광진구,바르미샤브샤브,서울특별시 광진구 아차산로 471  
서울특별시,광진구,어반나이프,서울특별시 광진구 구의강변로 85  
서울특별시,광진구,피슈마라홍탕군자역점,서울특별시 광진구 능동로 302  
서울특별시,광진구,깐부치킨뚝섬유원지점,서울특별시 광진구 능동로 18  
서울특별시,광진구,마초쉐프건대점,서울특별시 광진구 능동로 125  
서울특별시,광진구,바른면집,서울특별시 광진구 능동로13길 28 
서울특별시,광진구,(주)돕감자탕,서울특별시 광진구 아차산로31길 9  
서울특별시,광진구,cucina843,서울특별시 광진구 아차산로31길 20  
서울특별시,광진구,본래순대화양점,서울특별시 광진구 군자로 63  
서울특별시,광진구,대한족발,서울특별시 광진구 군자로 52  
서울특별시,광진구,아차곰탕,서울특별시 광진구 긴고랑로22길 16
서울특별시,광진구,신선,서울특별시 광진구 자양로11길 8  
서울특별시,광진구,꿀삼겹구의점,서울특별시 광진구 아차산로51길 52  
서울특별시,광진구,영화속의김밥이야기,서울특별시 광진구 자양로 173  
서울특별시,광진구,대세노가리,서울특별시 광진구 자양로43길 151  
서울특별시,광진구,가마솥영양탕,서울특별시 광진구 긴고랑로22길 32  
서울특별시,광진구,택이네조개전골군자역점,서울특별시 광진구 천호대로 591  
서울특별시,광진구,"본가대구탕,뽈찜,탕",서울특별시 광진구 영화사로 27
서울특별시,광진구,소풍,서울특별시 광진구 자양로45길 13
서울특별시,광진구,따뜻한밥상,서울특별시 광진구 능동로 440
서울특별시,광진구,설악칡냉면,서울특별시 광진구 자양로 249
서울특별시,광진구,차돌풍아차산역점,서울특별시 광진구 천호대로 677  
서울특별시,광진구,토종집,서울특별시 광진구 용마산로 55  
서울특별시,광진구,할머니추어탕자양점,서울특별시 광진구 자양번영로 33  
서울특별시,광진구,한촌설렁탕군자점,서울특별시 광진구 능동로 255 
서울특별시,광진구,천미향,서울특별시 광진구 능동로 237  
서울특별시,광진구,우리동네손두부(화양동),서울특별시 광진구 광나루로12길 19  
서울특별시,광진구,바나바나,서울특별시 광진구 동일로20길 72 
서울특별시,광진구,마당족발,서울특별시 광진구 능동로 173  
서울특별시,광진구,라그릴리아키친구의점,서울특별시 광진구 자양로 86  
서울특별시,광진구,능동국시,서울특별시 광진구 능동로35길 23 
서울특별시,광진구,내가찜한닭건대점,서울특별시 광진구 아차산로33길 63  
서울특별시,광진구,귀품찬,서울특별시 광진구 아차산로 192  
서울특별시,광진구,곽만근갈비탕건대역점,서울특별시 광진구 능동로 110  
서울특별시,광진구,강남면옥광장점,서울특별시 광진구 구의강변로 106  
서울특별시,광진구,사원식당,서울특별시 광진구 아차산로 355
서울특별시,광진구,청두인상,서울특별시 광진구 동일로18길 65
서울특별시,광진구,고향반점,서울특별시 광진구 동일로18길 101
서울특별시,광진구,쓩모사부,서울특별시 광진구 동일로20길 99-1
서울특별시,광진구,천지샤브,서울특별시 광진구 아차산로29길 22
서울특별시,광진구,하이더푸쟈오쯔전문점,서울특별시 광진구 아차산로30길 23
서울특별시,광진구,고향반점,서울특별시 광진구 동일로18길 61
서울특별시,광진구,동북풍미양꼬치,서울특별시 광진구 동일로18길 90
서울특별시,광진구,복만루(3호점),서울특별시 광진구 동일로20길 106
서울특별시,광진구,복만루(2호점),서울특별시 광진구 아차산로30길 23
서울특별시,광진구,복만루(1호점),서울특별시 광진구 동일로18길 43
서울특별시,광진구,스시메이진,서울특별시 광진구 능동로 92  
서울특별시,광진구,누들스,서울특별시 광진구 능동로 92 
서울특별시,광진구,나폴레옹과자점,서울특별시 광진구 능동로 92 
서울특별시,광진구,홍대개미,서울특별시 광진구 능동로 92 
서울특별시,광진구,한가람,서울특별시 광진구 능동로 92  
서울특별시,광진구,파파벨리피자,서울특별시 광진구 능동로 92  
서울특별시,광진구,코코로벤또,서울특별시 광진구 능동로 92  
서울특별시,광진구,카페낢진.맘스터치,서울특별시 광진구 능동로 92 
서울특별시,광진구,차이홍짬뽕,서울특별시 광진구 능동로 92 
서울특별시,광진구,(주)해초섬,서울특별시 광진구 능동로 92 
서울특별시,광진구,익선동창화당,서울특별시 광진구 능동로 92  
서울특별시,광진구,육첩반상,서울특별시 광진구 능동로 92 
서울특별시,광진구,야미에그,서울특별시 광진구 능동로 92 
서울특별시,광진구,시마스시,서울특별시 광진구 능동로 92 
서울특별시,광진구,속초코다리냉면,서울특별시 광진구 능동로 92 
서울특별시,광진구,반반식당,서울특별시 광진구 능동로 92 
서울특별시,광진구,도제건대점,서울특별시 광진구 능동로 92 
서울특별시,광진구,미향,서울특별시 광진구 능동로 92 
서울특별시,광진구,공기,서울특별시 광진구 능동로 92  
서울특별시,광진구,백년회관서서갈비,서울특별시 광진구 면목로 178
서울특별시,광진구,일송정,서울특별시 광진구 아차산로49길 21
서울특별시,광진구,고향집,서울특별시 광진구 아차산로49길 30 
서울특별시,광진구,웃는돌참치,서울특별시 광진구 아차산로 361
서울특별시,광진구,명품김밥,서울특별시 광진구 자양로 109
서울특별시,광진구,닐리비스크로구의점,서울특별시 광진구 자양로 109
서울특별시,광진구,본죽구의점,서울특별시 광진구 자양로 113
서울특별시,광진구,송쉐프구의점,서울특별시 광진구 아차산로 355
서울특별시,광진구,육일관,서울특별시 광진구 아차산로 353-1
서울특별시,광진구,산쪼메,서울특별시 광진구 아차산로51길 10
서울특별시,광진구,하루뷔페,서울특별시 광진구 구의로 9
서울특별시,광진구,힘내요김밥,서울특별시 광진구 자양로18길 67
서울특별시,광진구,서울초밥,서울특별시 광진구 자양로18길 39
서울특별시,광진구,촨치마라탕,서울특별시 광진구 자양로18길 42
서울특별시,광진구,아울,서울특별시 광진구 자양로18길 36
서울특별시,광진구,혼다라멘,서울특별시 광진구 자양로18길 32
서울특별시,광진구,원할머니보쌈,서울특별시 광진구 아차산로51길 45
서울특별시,구로구,방가방가,서울특별시 구로구 개봉로 17-1
서울특별시,구로구,명품원조대한민족,서울특별시 구로구 디지털로32나길 17-8 
서울특별시,구로구,홍주식당,서울특별시 구로구 디지털로26길 110
서울특별시,구로구,가츠몽,서울특별시 구로구 디지털로33길 48
서울특별시,구로구,한솔냉면디큐브시티점,서울특별시 구로구 경인로 662
서울특별시,구로구,본가스시디큐브시티점,서울특별시 구로구 경인로 662
서울특별시,구로구,신승반점현대백화점디큐브시티점,서울특별시 구로구 경인로 662
서울특별시,구로구,신승반점구로지밸리몰점,서울특별시 구로구 디지털로 300 
서울특별시,구로구,참이맛감자탕구로본점,서울특별시 구로구 디지털로 300 
서울특별시,구로구,청기와명가감자탕,서울특별시 구로구 도림로 31-1
서울특별시,구로구,"신림춘천집
구로디지털직영점",서울특별시 구로구 디지털로32나길 17-23
서울특별시,구로구,타오,서울특별시 구로구 디지털로 288
서울특별시,구로구,육간청,서울특별시 구로구 디지털로27길 36
서울특별시,구로구,횡성생고기,서울특별시 구로구 구로동로22길 91
서울특별시,구로구,오비스트로,서울특별시 구로구 구로중앙로 15길 12
서울특별시,구로구,구영회참치,서울특별시 구로구 가마산로 229
서울특별시,구로구,다채개봉점,서울특별시 구로구 개봉로23길 38
서울특별시,구로구,한라참치,서울특별시 구로구 경인로20길 7 
서울특별시,구로구,약초마을,서울특별시 구로구 부일로 873
서울특별시,구로구,"라그릴리아
신도림점",서울특별시 구로구 경인로 662
서울특별시,구로구,송이네삼시세끼,서울특별시 구로구 구일로110
서울특별시,구로구,본죽(구일역점),서울특별시 구로구 구일로10길 27
서울특별시,구로구,궁전기와집,서울특별시 구로구 구로중앙로19길 24
서울특별시,구로구,소담푸드,서울특별시 구로구 구로중앙로18길 71
서울특별시,구로구,복먹고복받고,서울특별시 구로구 구로중앙로 135-1
서울특별시,구로구,맛태정식,서울특별시 구로구 고척로40길 33-6
서울특별시,구로구,놀부부대철판구이,서울특별시 구로구 경인로47길 23 
서울특별시,구로구,황제갈비,서울특별시 구로구 경인로40길 12
서울특별시,구로구,영산홍가,서울특별시 구로구 경인로25길 25
서울특별시,구로구,송림가,서울특별시 구로구 경인로 398
서울특별시,구로구,참좋은식당,서울특별시 구로구 경인로 228
서울특별시,구로구,궁원복집,서울특별시 구로구 가마산로19길 6-3
서울특별시,구로구,개성면옥,서울특별시 구로구 가마산로 204
서울특별시,구로구,실크로드,서울특별시 구로구 경인로 398
서울특별시,구로구,오대양,서울특별시 구로구 디지털로34길 55
서울특별시,구로구,사조참치,서울특별시 구로구 디지털로32길 97-33
서울특별시,구로구,혼마참치,서울특별시 구로구 구로중앙로19길 28
서울특별시,구로구,롤링파스타구로디지털역점,서울특별시 구로구 디지털로32길 79
서울특별시,구로구,코바코,서울특별시 구로구 가마산로 286
서울특별시,구로구,애슐리구로지밸리몰점,서울특별시 구로구 디지털로 300
서울특별시,도봉구,힘찬장어,서울특별시 도봉구 노해로69길 15-9
서울특별시,도봉구,황해도찹쌀순대,서울특별시 도봉구 마들로 659
서울특별시,도봉구,황금성,서울특별시 도봉구 삼양로 544
서울특별시,도봉구,홍춘천닭갈비,서울특별시 도봉구 도당로 32
서울특별시,도봉구,홍능갈비,서울특별시 도봉구 도봉로 157길 16
서울특별시,도봉구,햇살힐링식당,서울특별시 도봉구 도봉로147길 17
서울특별시,도봉구,한솥,서울특별시 도봉구 마들로 676-1
서울특별시,도봉구,피자애,서울특별시 도봉구 노해로63다길 25
서울특별시,도봉구,통나무집,서울특별시 도봉구 마들로11길 61
서울특별시,도봉구,통나무식당,서울특별시 도봉구 노해로60길 99
서울특별시,도봉구,토영자갈치곰장어,서울특별시 도봉구 노해로69길 15
서울특별시,도봉구,태림산채정식,서울특별시 도봉구 노해로60길 32
서울특별시,도봉구,큰맘할매순대국(창동),서울특별시 도봉구 노해로63가길 6
서울특별시,도봉구,콩사랑두부,서울특별시 도봉구 도봉산4길 10
서울특별시,도봉구,충무김밥(도봉역점),서울특별시 도봉구 도봉로152가길 182
서울특별시,도봉구,최진사댁무한숯불갈비 도봉점,서울특별시 도봉구 도봉로181길 29
서울특별시,도봉구,청어진 동태찜,서울특별시 도봉구 도봉로150길 28
서울특별시,도봉구,창원,서울특별시 도봉구 도봉로180길 6
서울특별시,도봉구,착한전복&제철쌈밥,서울특별시 도봉구 노해로65길 7-20
서울특별시,도봉구,죽이야기 쌍문역점,서울특별시 도봉구 도봉로 460
서울특별시,도봉구,죽이야기 방학점,서울특별시 도봉구 방학로 183
서울특별시,도봉구,주식회사 삼성숯불갈비,서울특별시 도봉구 도당로 36
서울특별시,도봉구,제일숯불갈비,서울특별시 도봉구 도당로 130
서울특별시,도봉구,정담음밥상,서울특별시 도봉구 방학로2길 19
서울특별시,도봉구,장어가,서울특별시 도봉구 도봉로 911
서울특별시,도봉구,장수옥설렁탕,서울특별시 도봉구 도봉로 805
서울특별시,도봉구,이차돌(쌍문점),서울특별시 도봉구 해등로 157
서울특별시,도봉구,은행골,서울특별시 도봉구 마들로 684
서울특별시,도봉구,원조의정부부대찌게,서울특별시 도봉구 해등로 156
서울특별시,도봉구,우리소육회마왕,서울특별시 도봉구 도당로 32
서울특별시,도봉구,요리비아구찜,서울특별시 도봉구 도당로2길 9
서울특별시,도봉구,오븐마루,서울특별시 도봉구 노해로60길 104
서울특별시,도봉구,오리마을,서울특별시 도봉구 노해로 163
서울특별시,도봉구,여수밤바다,서울특별시 도봉구 시루봉로 302
서울특별시,도봉구,양촌리,서울특별시 도봉구 방학로 102
서울특별시,도봉구,양주큰집전통순대국,서울특별시 도봉구 방학로6길 32
서울특별시,도봉구,쌈촌창동역점,서울특별시 도봉구 노해로65길 11
서울특별시,도봉구,시우네2.5닭갈비,서울특별시 도봉구 노해로41길 29
서울특별시,도봉구,순두부마을,서울특별시 도봉구 마들로 650
서울특별시,도봉구,송림각,서울특별시 도봉구 방학로 223
서울특별시,도봉구,소담보쌈,서울특별시 도봉구 노해로 249
서울특별시,도봉구,설담재 설렁탕,서울특별시 도봉구 도봉로 562
서울특별시,도봉구,삿뽀로 창동점 (주)엔타스,서울특별시 도봉구 도봉로 610
서울특별시,도봉구,삼오집,서울특별시 도봉구 도봉로165길 6
서울특별시,도봉구,산도토리임자탕,서울특별시 도봉구 덕릉로60길 13
서울특별시,도봉구,사이공본가쌍문점,서울특별시 도봉구 도봉로 575
서울특별시,도봉구,봉평메밀막국수,서울특별시 도봉구 도봉산4길 15
서울특별시,도봉구,본죽&비빔밥카페창동점,서울특별시 도봉구 노해로63가길 12
서울특별시,도봉구,본죽 쌍문한일병원점,서울특별시 도봉구 도봉로109길 58
서울특별시,도봉구,백제갈비촌,서울특별시 도봉구 노해로69길 15
서울특별시,도봉구,방학회센타,서울특별시 도봉구 도당로 129
서울특별시,도봉구,방학골생고기,서울특별시 도봉구 방학로5길 10
서울특별시,도봉구,반값소,서울특별시 도봉구 마들로 664-5
서울특별시,도봉구,박서방부대찌개,서울특별시 도봉구 시루봉로 290
서울특별시,도봉구,문성해물짬뽕,서울특별시 도봉구 우이천로 294
서울특별시,도봉구,무수옥,서울특별시 도봉구 도봉로165길 15
서울특별시,도봉구,메이유러피안다이닝,서울특별시 도봉구 도봉로169길 202
서울특별시,도봉구,락궁,서울특별시 도봉구 도봉로 468
서울특별시,도봉구,뚱보냉면,서울특별시 도봉구 도봉로110길 51
서울특별시,도봉구,뚱가 부대찌개,서울특별시 도봉구 도봉로 869
서울특별시,도봉구,돼지네삼겹살,서울특별시 도봉구 노해로63다길 17
서울특별시,도봉구,도봉산박대감,서울특별시 도봉구 도봉로 919
서울특별시,도봉구,더맛있는족발보쌈(방학점),서울특별시 도봉구 도당로 120
서울특별시,도봉구,남원추어탕,서울특별시 도봉구 도봉로125길 83
서울특별시,도봉구,낙지애가,서울특별시 도봉구 덕릉로 251
서울특별시,도봉구,김밥천국,서울특별시 도봉구 노해로 137
서울특별시,도봉구,김밥나라,서울특별시 도봉구 노해로 247
서울특별시,도봉구,그 고기집,서울특별시 도봉구 삼양로146길 6
서울특별시,도봉구,곤지암할매소머리국밥,서울특별시 도봉구 시루봉로 135
서울특별시,도봉구,경복궁창동점(주)엔타스,서울특별시 도봉구 도봉로 610 
서울특별시,도봉구,강북민물장어,서울특별시 도봉구 노해로69길 25
서울특별시,도봉구,강남동태찜,서울특별시 도봉구 도봉로 564
서울특별시,동작구,청산골생고기전문점,서울특별시 동작구 여의대방로24나길 5
서울특별시,동작구,왕돈까스,서울특별시 동작구 여의대방로 134-1
서울특별시,동작구,담쟁이,서울특별시 동작구 사당로 168
서울특별시,동작구,내가찜한닭(숭실대점),서울특별시 동작구 사당로 18-1
서울특별시,동작구,맛고을,서울특별시 동작구 사당로30길 74
서울특별시,동작구,미소식당,서울특별시 동작구 사당로30길 54
서울특별시,동작구,최연태참치,서울특별시 동작구 동작대로23길 17
서울특별시,동작구,후통&쟁반집,서울특별시 동작구 동작대로27다길 15
서울특별시,동작구,황토가마솥설렁탕,서울특별시 동작구 동작대로29가길 8
서울특별시,동작구,남다른감자탕대방점,서울특별시 동작구 상도로 33
서울특별시,동작구,낙원쭈꾸미마을,서울특별시 동작구 상도로 111
서울특별시,동작구,취복루,서울특별시 동작구 노량진로 96
서울특별시,동작구,노량진점역전우동0410,서울특별시 동작구 노량진로16길 35
서울특별시,동작구,내가찜한닭,서울특별시 동작구 노량진로16길 14
서울특별시,동작구,소야,서울특별시 동작구 만양로14길 6
서울특별시,동작구,청양집노량진점,서울특별시 동작구 만양로18길 14
서울특별시,동작구,오유미당노량진점,서울특별시 동작구 만양로18길 14
서울특별시,동작구,내가찜한닭,서울특별시 동작구 흑석로 87
서울특별시,동작구,짬뽕타임이수점,서울특별시 동작구 사당로 300
서울특별시,동작구,진부령황태촌,서울특별시 동작구 동작대로27길 6
서울특별시,동작구,조가네갑오징어사당점,서울특별시 동작구 남부순환로271길 24
서울특별시,동작구,장수촌,서울특별시 동작구 사당로17가길 16
서울특별시,동작구,신짱스시,서울특별시 동작구 상도로30길 8
서울특별시,동작구,미정국수노량진점,서울특별시 동작구 만양로 105
서울특별시,동작구,권참치,서울특별시 동작구 사당로30길 142
서울특별시,동작구,남도향,서울특별시 동작구 여의대방로22길 20
서울특별시,동작구,코코이찌방야보라매점,서울특별시 동작구 여의대방로 112
서울특별시,동작구,일미리금계찜닭신대방삼거리역,서울특별시 동작구 보라매로 113
서울특별시,동작구,辛(신)돈까스,서울특별시 동작구 여의대방로24길 107
서울특별시,동작구,세종대왕숯불갈비,서울특별시 동작구 여의대방로 136
서울특별시,동작구,대방회집,서울특별시 동작구 여의대방로 134-1
서울특별시,동작구,대방싸리집,서울특별시 동작구 여의대방로26길 24
서울특별시,동작구,낙지랑갈비랑,서울특별시 동작구 양녕로25길 2-4
서울특별시,동작구,성대낙지,서울특별시 동작구 국사봉1길 4
서울특별시,동작구,마포숯불갈비,서울특별시 동작구 보라매로 112
서울특별시,동작구,정선메밀고을,서울특별시 동작구 양녕로26길 63
서울특별시,동작구,형가원보쌈,서울특별시 동작구 동작대로1길 33
서울특별시,동작구,한울갈비,서울특별시 동작구 동작대로1길 9
서울특별시,동작구,정원,서울특별시 동작구 남부순환로271길 17
서울특별시,동작구,토방소곱창,서울특별시 동작구 동작대로7길 11
서울특별시,동작구,초와밥,서울특별시 동작구 동작대로5길 8
서울특별시,동작구,융선짬뽕양꼬치,서울특별시 동작구 동작대로5길 16
서울특별시,동작구,요란한부엌,서울특별시 동작구 사당로30길 126
서울특별시,동작구,다올집,서울특별시 동작구 사당로30길 100
서울특별시,동작구,계림닭한마리,서울특별시 동작구 사당로30길 103
서울특별시,동작구,"강원도감자탕,쌈밥",서울특별시 동작구 사당로30길 108
서울특별시,동작구,동굴화로구이,서울특별시 동작구 동작대로 71
서울특별시,동작구,명품청기와감자탕남성역점,서울특별시 동작구 사당로8길 4
서울특별시,동작구,놀부보쌈과부대찌개,서울특별시 동작구 사당로 196
서울특별시,동작구,서가앤쿡이수점,서울특별시 동작구 동작대로27길 5
서울특별시,동작구,뽕잎사랑이수점,서울특별시 동작구 동작대로27가길 22
서울특별시,동작구,맛찬들왕소금구이,서울특별시 동작구 동작대로27길 16-4
서울특별시,동작구,팔이구이이수태평점,서울특별시 동작구 동작대로27다길 15
서울특별시,동작구,원할머니보쌈이수역점,서울특별시 동작구 동작대로27나길 22 
서울특별시,동작구,새마을식당,서울특별시 동작구 동작대로27다길 10
서울특별시,동작구,만복국수집,서울특별시 동작구 사당로 307-10
서울특별시,동작구,고추찜닭,서울특별시 동작구 동작대로27가길 14
서울특별시,동작구,쟁반집8292이수점,서울특별시 동작구 동작대로27다길 15
서울특별시,동작구,일미가참치,서울특별시 동작구 동작대로25길 16 
서울특별시,동작구,이수찹쌀순대,서울특별시 동작구 동작대로 123
서울특별시,동작구,리얼양꼬치,서울특별시 동작구 동작대로27길 22
서울특별시,동작구,단아한정식,서울특별시 동작구 동작대로27가길 44
서울특별시,동작구,그릴진,서울특별시 동작구 동작대로27다길 31
서울특별시,동작구,구구향훠궈,서울특별시 동작구 동작대로27다길 26
서울특별시,동작구,늘조은한우마을,서울특별시 동작구 사당로29가길 47 
서울특별시,동작구,마실,서울특별시 동작구 사당로 215
서울특별시,동작구,마실,서울특별시 동작구 사당로 215
서울특별시,동작구,쌈반,서울특별시 동작구 사당로 215
서울특별시,동작구,봉평메밀국수,서울특별시 동작구 사당로 215
서울특별시,동작구,백제갈비,서울특별시 동작구 사당로 231
서울특별시,동작구,내고향나주곰탕,서울특별시 동작구 사당로 183
서울특별시,동작구,유정우함흥냉면,서울특별시 동작구 동작대로29다길 7-1
서울특별시,동작구,황토방식당,서울특별시 동작구 서달로12나길 11
서울특별시,동작구,상도늘보리,서울특별시 동작구 서달로 134-1
서울특별시,동작구,순자,서울특별시 동작구 서달로14나길 16
서울특별시,동작구,물바우,서울특별시 동작구 서달로14길 16
서울특별시,동작구,두레박,서울특별시 동작구 서달로14길 22
서울특별시,동작구,고봉삼계탕중앙대점,서울특별시 동작구 서달로 166 
서울특별시,동작구,평안도찹쌀순대전문점,서울특별시 동작구 흑석로 102
서울특별시,동작구,고기스토리,서울특별시 동작구 흑석로8길 4
서울특별시,동작구,황토정,서울특별시 동작구 서달로13길 5-23
서울특별시,동작구,함지박,서울특별시 동작구 상도로37길 68-1
서울특별시,동작구,밀피유플러스356,서울특별시 동작구 상도로47길 13
서울특별시,동작구,망향비빔국수동작점,서울특별시 동작구 상도로 319
서울특별시,동작구,도담죽,서울특별시 동작구 상도로47길 17
서울특별시,동작구,고모밥죠,서울특별시 동작구 상도로45길 11
서울특별시,동작구,태능솔밭갈비,서울특별시 동작구 상도로37길 7
서울특별시,동작구,농장사람들,서울특별시 동작구 상도로 230
서울특별시,동작구,산골안국밥,서울특별시 동작구 장승배기로10길 21
서울특별시,동작구,석춘해물칼국수,서울특별시 동작구 장승배기로10길 21
서울특별시,동작구,명륜진사갈비상도점,서울특별시 동작구 상도로 128
서울특별시,동작구,농실가,서울특별시 동작구 상도로 142
서울특별시,동작구,구름산추어탕,서울특별시 동작구 성대로1길 22
서울특별시,동작구,탕마루김치찌개(장승배기역점),서울특별시 동작구 상도로26길 12
서울특별시,동작구,지호한방삼계탕동작점,서울특별시 동작구 상도로26길 18
서울특별시,동작구,원조남원추어탕,서울특별시 동작구 상도로26길 12
서울특별시,동작구,명성,서울특별시 동작구 상도로24길 35
서울특별시,동작구,흥부골숯불돼지갈비,서울특별시 동작구 상도로15길 3
서울특별시,동작구,남서울식당,서울특별시 동작구 상도로15길 39
서울특별시,동작구,삼락,서울특별시 동작구 여의대방로36길 10-11
서울특별시,동작구,호순네집,서울특별시 동작구 등용로 107
서울특별시,동작구,다채,서울특별시 동작구 알마타길 6
서울특별시,동작구,희래등,서울특별시 동작구 등용로 123
서울특별시,동작구,약초마을,서울특별시 동작구 노량진로 26
서울특별시,동작구,씨제이푸드빌㈜빕스대방점,서울특별시 동작구 노량진로 2
서울특별시,동작구,세종대왕숯불갈비,서울특별시 동작구 등용로 2
서울특별시,동작구,원조마포갈비,서울특별시 동작구 노량진로8길 35
서울특별시,동작구,다독이네숯불구이,서울특별시 동작구 노량진로 106-5
서울특별시,동작구,우리동네맛볶이,서울특별시 동작구 노량진로8길 31
서울특별시,동작구,이쉐프,서울특별시 동작구 만양로 95
서울특별시,동작구,영흥생고기식당,서울특별시 동작구 만양로 85-1
서울특별시,동작구,봉추찜닭노량진,서울특별시 동작구 노량진로16길 22
서울특별시,동작구,정동진,서울특별시 동작구 만양로 85
서울특별시,동작구,한국밥,서울특별시 동작구 만양로 105
서울특별시,동작구,골든볼9(본점),서울특별시 동작구 노량진로14가길 11 
서울특별시,동작구,담소소사골순대노량진점,서울특별시 동작구 노량진로16길27
서울특별시,동작구,낙지한마리수제비상도,서울특별시 동작구 상도로31길 19
서울특별시,동작구,명갈비,서울특별시 동작구 상도로31길 83
서울특별시,동작구,조선화로집상도역점,서울특별시 동작구 상도로 263-6
서울특별시,동작구,인근주민,서울특별시 동작구 양녕로 265
서울특별시,동작구,고향갈비,서울특별시 동작구 노량진로18길 13
서울특별시,동작구,통통이식당,서울특별시 동작구 만양로8길 64
서울특별시,동작구,쿡스테이크하우스,서울특별시 동작구 만양로14다길 4 
서울특별시,동작구,유명닭곰탕,서울특별시 동작구 만양로8길 60
서울특별시,동작구,서울밥집노량진점,서울특별시 동작구 만양로14길 44
서울특별시,동작구,백채노량진점,서울특별시 동작구 만양로14길 24
서울특별시,동작구,와가마마,서울특별시 동작구 만양로14길 12
서울특별시,동작구,마마부찌,서울특별시 동작구 만양로14길 40
서울특별시,동작구,주현닭한마리,서울특별시 동작구 만양로16길 6
서울특별시,동작구,선샤브향,서울특별시 동작구 만양로14길 37 
서울특별시,동작구,삼삼가마솥돈까스,서울특별시 동작구 만양로 90-1
서울특별시,동작구,백철판0410노량진역점,서울특별시 동작구 만양로 108
서울특별시,동작구,닭집,서울특별시 동작구 만양로 102-2 
서울특별시,동작구,노량진생고기,서울특별시 동작구 만양로 108
서울특별시,동작구,선샤브향,서울특별시 동작구 만양로14길 37
서울특별시,동작구,열정식당,서울특별시 동작구 흑석로9길 6
서울특별시,동작구,삼백돈돈가츠,서울특별시 동작구 흑석로9길 11
서울특별시,동작구,사과나무,서울특별시 동작구 흑석로9길 7
서울특별시,동작구,모모치,서울특별시 동작구 흑석로9길 13
서울특별시,동작구,청해진,서울특별시 동작구 노들로 674
서울특별시,마포구,원조조박집,서울특별시 마포구 토정로 131-1
서울특별시,마포구,마포갈비집,서울특별시 토정로 315
서울특별시,마포구,히말라야어죽,서울특별시 마포구 도화길 20-6
서울특별시,마포구,희우정,서울특별시 마포구 성산로128
서울특별시,마포구,효성식당,서울특별시 마포구 마포대로7길 15
서울특별시,마포구,황톳길,서울특별시 마포구 마포대로 11길 15-7
서울특별시,마포구,화수목,서울특별시 마포구 창전로 70 
서울특별시,마포구,홍반장찹쌀순대&감자탕전문점,서울특별시 마포구 동교로233
서울특별시,마포구,홍대율촌,서울특별시 마포구 와우산로 100
서울특별시,마포구,향촌,서울특별시 마포구 마포대로 8길 25
서울특별시,마포구,해피하우스소정,서울특별시 마포구 성산로 128
서울특별시,마포구,해물왕칼국수,서울특별시 마포구 월드컵북로 324-10
서울특별시,마포구,합정차숙이불고기,서울특별시 마포구 월드컵로1길 52
서울특별시,마포구,합정바람길,서울특별시 마포구 양화로3길 6
서울특별시,마포구,합정고깃집,서울특별시 마포구 양화로1길 21
서울특별시,마포구,한촌설렁탕망원역점,서울특별시 마포구 월드컵로 85
서울특별시,마포구,한촌설렁탕(상암DMC점),서울특별시 마포구 월드컵북로44길 76-11
서울특별시,마포구,하누소,서울특별시 마포구 서강로 65
서울특별시,마포구,하누소,서울특별시 마포구 서강로 65
서울특별시,마포구,하노이의아침&PUB,서울특별시 마포구 성암로 267 
서울특별시,마포구,풀스트릿,서울특별시 마포구 동교로51안길 16
서울특별시,마포구,태종대갈비,서울특별시 마포구 백범로 127-20
서울특별시,마포구,캐슬프라하,서울특별시 마포구 독막로7길 59
서울특별시,마포구,칭닌,서울특별시 마포구 마포대로24길 4
서울특별시,마포구,칠성상회,서울특별시 마포구 도화길 43 
서울특별시,마포구,춘향골남원추어탕,서울특별시 마포구 월드컵로 36길 18
서울특별시,마포구,춘자대구탕,서울특별시 마포구 월드컵북로 1길 50
서울특별시,마포구,청춘구락부,서울특별시 마포구 토정로308
서울특별시,마포구,청기와식당,서울특별시 마포구 월드컵로 105
서울특별시,마포구,천장어,서울특별시 마포구 백범로 122
서울특별시,마포구,천년각,서울특별시 마포구 월드컵로 164
서울특별시,마포구,채움한정식,서울특별시 마포구 백범로 205
서울특별시,마포구,참치가,서울특별시 마포구 양화로 100-10 
서울특별시,마포구,참복집,서울특별시 마포구 만리재로1길 14
서울특별시,마포구,참복집,서울특별시 마포구 매봉산로2안길 18-6
서울특별시,마포구,진평925,서울특별시 마포구 망원로 87
서울특별시,마포구,진어참치,서울특별시 마포구 연남로 3길34
서울특별시,마포구,진가정뉴우탕(뉴牛탕),서울특별시 마포구 월드컵로36길 40
서울특별시,마포구,진가,서울특별시 마포구 동교로34길 12
서울특별시,마포구,지호한방삼계탕,서울특별시 마포구 독막로 229
서울특별시,마포구,지호한방삼계탕,서울특별시 마포구 월드컵로 31
서울특별시,마포구,지중해참치,서울특별시 마포구 새창로 13 
서울특별시,마포구,㈜해담가합정점,서울특별시 마포구 양화로 45
서울특별시,마포구,㈜거구상사(거구장),서울특별시 마포구 백범로 23
서울특별시,마포구,조선시대,서울특별시 마포구 홍익로3길 44
서울특별시,마포구,조박집투,서울특별시 마포구 토정로 37가길 19
서울특별시,마포구,조개꽃천지마포공덕점,서울특별시 마포구 마포대로10길 12 
서울특별시,마포구,제주돈도야지,서울특별시 마포구 숭문길 18
서울특별시,마포구,정성한줄,서울특별시 마포구 마포대로 195
서울특별시,마포구,장수갈매기,서울특별시 마포구 도화길 46
서울특별시,마포구,장남식당,서울특별시 마포구 토정로33길 5
서울특별시,마포구,장가방,서울특별시 마포구 마포대로7길 11
서울특별시,마포구,장가네한우촌,서울특별시 마포구 양화로16길 10
서울특별시,마포구,임가네해물천국,서울특별시 마포구 망원로 49-1
서울특별시,마포구,일품양재정육식당,서울특별시 마포구 서강로 59
서울특별시,마포구,일오삼나주곰탕마포점,서울특별시 마포구 도화길 12
서울특별시,마포구,이조명가,서울특별시 마포구 마포대로 4나길 56
서울특별시,마포구,을밀대,서울특별시 마포구 숭문길 24
서울특별시,마포구,월매네남원추어탕,서울특별시 마포구 마포대로 14길 19-1
서울특별시,마포구,월드아구찜,서울특별시 마포구 월드컵로34길 13
서울특별시,마포구,원당감자탕,서울특별시 마포구 도화길 35
서울특별시,마포구,우림집,서울특별시 마포구 토정로 37길 13
서울특별시,마포구,용산역전회관일구육이,서울특별시 마포구 토정로 37길47
서울특별시,마포구,욕지도,서울특별시 마포구 마포대로 16길 13
서울특별시,마포구,외양간,서울특별시 마포구 성미산로 13
서울특별시,마포구,옹기,서울특별시 마포구 마포대로 144
서울특별시,마포구,오롯이닭요리,서울특별시 마포구 월드컵로1길 11
서울특별시,마포구,예촌,서울특별시 마포구 마포대로4나길 7
서울특별시,마포구,열정갈비,서울특별시 마포구 월드컵북로48길 9
서울특별시,마포구,연남정,서울특별시 마포구 연남로 79
서울특별시,마포구,여우골초밥,서울특별시 마포구 월드컵북로1길 20
서울특별시,마포구,엉터리생고기,서울특별시 마포구 토정로 170 
서울특별시,마포구,양화정,서울특별시 마포구 월드컵로 1길 17
서울특별시,마포구,양평막국수,서울특별시 마포구 월드컵북로44길 57
서울특별시,마포구,양촌리,서울특별시 마포구 토정로 304
서울특별시,마포구,양산박,서울특별시 마포구 마포대로 4길 37
서울특별시,마포구,안동한우마을,서울특별시 마포구 동교로162
서울특별시,마포구,아소정,서울특별시 마포구 백범로25길 9
서울특별시,마포구,씨제이프레시웨이주식회사CJE&M센터점,서울특별시 마포구 상암산로 66
서울특별시,마포구,씨제이프레시웨이(주)한솔교육본사점,서울특별시 마포구 월드컵북로 361
서울특별시,마포구,씨엔티테크키친,서울특별시 마포구 백범로31길 21
서울특별시,마포구,쌍마막회,서울특별시 마포구 토정로 257
서울특별시,마포구,신흥부전,서울특별시 마포구 월드컵북로44길 30-5 
서울특별시,마포구,신의주찹쌀순대,서울특별시 마포구 큰우물로 66 
서울특별시,마포구,신원복집식당,서울특별시 마포구 홍익로 29 
서울특별시,마포구,시골청국장,서울특별시 마포구 서강로 72
서울특별시,마포구,시골보쌈앤감자옹심이,서울특별시 마포구 월드컵북로 400 
서울특별시,마포구,송가네감자탕,서울특별시 마포구 동교로 245
서울특별시,마포구,소담,서울특별시 마포구 매봉산로2길 3
서울특별시,마포구,소나무,서울특별시 마포구 토정로 224
서울특별시,마포구,설참치홍대점,서울특별시 마포구 양화로15길 12
서울특별시,마포구,선비촌추어탕,서울특별시 마포구 마포대로4길 43
서울특별시,마포구,석양집,서울특별시 마포구 토정로 37길9
서울특별시,마포구,서울찜닭,서울특별시 마포구 월드컵북로 48길 13
서울특별시,마포구,서리원,서울특별시 마포구 마포대로 173 
서울특별시,마포구,서룡,서울특별시 마포구 월드컵북로361 
서울특별시,마포구,서동한우,서울특별시 마포구 월드컵북로332
서울특별시,마포구,서강팔경율도,서울특별시 마포구 토정로 128
서울특별시,마포구,서강식당,서울특별시 마포구 창전로 75-4
서울특별시,마포구,서강국시,서울특별시 마포구 서강로1길 12-10
서울특별시,마포구,색동저고리마포점,서울특별시 마포구 도화길 27
서울특별시,마포구,색동저고리,서울특별시 마포구 도화길 27
서울특별시,마포구,상암토우,서울특별시 마포구 매봉산로2길 7
서울특별시,마포구,상암고기마을,서울특별시 마포구 월드컵북로48길 10
서울특별시,마포구,삼보성,서울특별시 마포구 창전로 32 
서울특별시,마포구,산동만두,서울특별시 마포구 도화길 22-10
서울특별시,마포구,사랑채,서울특별시 마포구 신촌로12가길 36 
서울특별시,마포구,불킹해물요리전문점,서울특별시 마포구 월드컵로 190
서울특별시,마포구,불이아,서울특별시 마포구 동교로 182-6
서울특별시,마포구,본죽도화점,서울특별시 마포구 도화길 43
서울특별시,마포구,본도시락,서울특별시 마포구 백범로 205
서울특별시,마포구,백년백세,서울특별시 마포구 양화로 118
서울특별시,마포구,바다양푼이찌개마을,서울특별시 마포구 월드컵북로54길 17
서울특별시,마포구,바다애,서울특별시 마포구 동교로 128
서울특별시,마포구,미진,서울특별시 마포구 동교로 213
서울특별시,마포구,미미본관,서울특별시 마포구 월드컵로1길 48
서울특별시,마포구,미래,서울특별시 마포구 마포대로 144 
서울특별시,마포구,문래돼지불백,서울특별시 마포구 독막로28길 7
서울특별시,마포구,무한장어,서울특별시 마포구 만리재로1길 7
서울특별시,마포구,무쇠솥부대찌개,서울특별시 마포구 마포대로8안길 18 
서울특별시,마포구,무교동낙지,서울특별시 마포구 월드컵로3길 31-38
서울특별시,마포구,무공해숯불갈비,서울특별시 마포구 만리재로1길 8
서울특별시,마포구,목포낙지마을,서울특별시 마포구 월드컵로32길 11
서울특별시,마포구,명인갈비,서울특별시 마포구 연남로 85
서울특별시,마포구,메이찬COOK,서울특별시 마포구 백범로1길 12
서울특별시,마포구,매일스시횟집,서울특별시 마포구 숭문길 34
서울특별시,마포구,매반생면,서울특별시 마포구 월드컵북로 396 
서울특별시,마포구,마포활어,서울특별시 마포구 삼개로5길 8 
서울특별시,마포구,마포진짜원조최대포집,서울특별시 마포구 만리재로1길 3
서울특별시,마포구,마포장,서울특별시 마포구 토정로 196
서울특별시,마포구,마포원조주물럭,서울특별시 마포구 토정로 294
서울특별시,마포구,마포옥하우스,서울특별시 마포구 토정로 312
서울특별시,마포구,마포나루㈜,서울특별시 마포구 삼개로 11
서울특별시,마포구,마포나루김치찌개,서울특별시 마포구 마포대로 12길 35
서울특별시,마포구,마포나루(1호점),서울특별시 마포구 마포대로 68
서울특별시,마포구,마부자생삼겹살,서울특별시 마포구 월드컵로1길 14
서울특별시,마포구,램랜드,서울특별시 마포구 토정로 255
서울특별시,마포구,라그릴리아공덕점,서울특별시 마포구 마포대로 92
서울특별시,마포구,두레우가,서울특별시 마포구 월드컵북로 356
서울특별시,마포구,돼지구이백반,서울특별시 마포구 동교로 240
서울특별시,마포구,동해세수대야동태탕마포역점,서울특별시 마포구 도화2안길 2-4
서울특별시,마포구,동원참치,서울특별시 마포구 마포대로 109
서울특별시,마포구,돌쇠풍천민물장어,서울특별시 마포구 월드컵로 87 
서울특별시,마포구,도마다리감자탕,서울특별시 마포구 도화길 6
서울특별시,마포구,더센다이,서울특별시 마포구 큰우물로 75
서울특별시,마포구,대한족발보쌈,서울특별시 마포구 양화로6길 53
서울특별시,마포구,놀부부대찌개,서울특별시 마포구 월드컵북로396 
서울특별시,마포구,남원추어탕,서울특별시 마포구 독막로26길 8
서울특별시,마포구,남성식당,서울특별시 마포구 마포대로 19길28
서울특별시,마포구,나주곰탕&오우돈,서울특별시 마포구 신촌로18길 19
서울특별시,마포구,나루터,서울특별시 마포구 마포대로4길 32-4
서울특별시,마포구,꼬꼬댁장작구이,서울특별시 마포구 동교로 26
서울특별시,마포구,김앤김대게공덕점,서울특별시 마포구 마포대로 109
서울특별시,마포구,김앤김대게,서울특별시 마포구 양화로 100
서울특별시,마포구,김박사손칼국수,서울특별시 마포구 토정로 307 
서울특별시,마포구,금이네부대찌개,서울특별시 마포구 마포대로 12길 53-1
서울특별시,마포구,군자네,서울특별시 마포구 대흥로 53
서울특별시,마포구,교촌치킨망원2동점,서울특별시 마포구 월드컵로 111
서울특별시,마포구,광흥창뚝배기집,서울특별시 마포구 서강로1길 12-9
서울특별시,마포구,광남수사,서울특별시 마포구 마포대로8안길 18
서울특별시,마포구,고향식당,서울특별시 마포구 토정로 224
서울특별시,마포구,고구려홍대점㈜덕용푸드시스템,서울특별시 마포구 월드컵북로 14
서울특별시,마포구,경복궁서교점㈜덕용푸드시스템,서울특별시 마포구 월드컵북로 37
서울특별시,마포구,걸작떡볶이치킨,서울특별시 마포구 월드컵북로 324
서울특별시,마포구,개성손만두,서울특별시 마포구 대흥로 64
서울특별시,마포구,강강술래홍대점,서울특별시 마포구 잔다리로6길 25
서울특별시,마포구,감나무집,서울특별시 마포구 연남로 25
서울특별시,마포구,간코,서울특별시 마포구 양화로3길 15
서울특별시,마포구,가마솥순대,서울특별시 마포구 월드컵로 164
서울특별시,마포구,가든생선구이,서울특별시 마포구 도화2안길 4
서울특별시,마포구,7%칠백식당,서울특별시 마포구 토정로32길 4 
서울특별시,마포구,25카츠,서울특별시 마포구 마포대로 109
서울특별시,마포구,(주)현래장,서울특별시 마포구 마포대로 20
서울특별시,서대문구,이가네설렁탕,서울특별시 서대문구 연세로5다길 5
서울특별시,서대문구,신촌갈매기,서울특별시 서대문구 연세로7길 30
서울특별시,서대문구,소왔쏘&갈통삼(신촌점),서울특별시 서대문구 연세로9길 30
서울특별시,서대문구,매거진스탠딩,서울특별시 서대문구 연세로7길 34-6
서울특별시,서대문구,고기창고,서울특별시 서대문구 연세로7길 34-4
서울특별시,서대문구,삼양양꼬치,서울특별시 서대문구 창천동 53-94
서울특별시,서대문구,간판없는집,서울특별시 서대문구 연세로5다길 41
서울특별시,서대문구,난향,서울특별시 서대문구 신촌로 67
서울특별시,서대문구,무사시,서울특별시 서대문구 신촌로 125
서울특별시,서대문구,고피자,서울특별시 서대문구 신촌로 139-1
서울특별시,서대문구,신촌칼국수이대직영점,서울특별시 서대문구 명물길 70
서울특별시,서대문구,신촌영양센터,서울특별시 서대문구 연세로4길 34
서울특별시,서대문구,벽제갈비,서울특별시 서대문구 명물길 22
서울특별시,서대문구,다이몬키친,서울특별시 서대문구 명물길 72
서울특별시,서대문구,국대떡볶이신촌점,서울특별시 서대문구 신촌역로 39
서울특별시,서대문구,초당(쌈밥),서울특별시 서대문구 연세로12길 37-4
서울특별시,서대문구,이지인디아,서울특별시 서대문구 연세로 20
서울특별시,서대문구,이동갈비,서울특별시 서대문구 연세로12길 22
서울특별시,서대문구,봉추찜닭,서울특별시 서대문구 명물길 27-23
서울특별시,서대문구,돈돈숯불갈비,서울특별시 서대문구 신촌로 235
서울특별시,서대문구,자연솜씨,서울특별시 서대문구 이화여대길 52
서울특별시,서대문구,장위동유성집,서울특별시 서대문구 경기대로 63
서울특별시,서대문구,세양원,서울특별시 서대문구 충정로 8
서울특별시,서대문구,사조미가,서울특별시 서대문구 통일로 107-39
서울특별시,서대문구,다이닝후,서울특별시 서대문구 충정로 43-1
서울특별시,서대문구,시골칼국수,서울특별시 서대문구 충정로5길 2
서울특별시,서대문구,사랑죽,서울특별시 서대문구 충정로 7
서울특별시,서대문구,한옥집,서울특별시 서대문구 통일로9길 12
서울특별시,서대문구,팔팔껍데기,서울특별시 서대문구 통일로 155
서울특별시,서대문구,수돈재감자탕,서울특별시 서대문구 연희동 135-8
서울특별시,서대문구,고미정,서울특별시 서대문구 연희동 79-4
서울특별시,서대문구,티원,서울특별시 서대문구 연세로 50
서울특별시,서대문구,연세대학교백양로(더라운지),서울특별시 서대문구 연세로 50
서울특별시,서대문구,예소원,서울특별시 서대문구 성산로 535
서울특별시,서대문구,봄꽃김밥,서울특별시 서대문구 연희로36길 10
서울특별시,서대문구,연희화로,서울특별시 서대문구 모래내로 376
서울특별시,서대문구,엄지식당,서울특별시 서대문구 모래내로 376-7
서울특별시,서대문구,소문난집,서울특별시 서대문구 수색로2길 10
서울특별시,서대문구,본전회관,서울특별시 서대문구 수색로2길 15
서울특별시,서대문구,평택고여사냉면,서울특별시 서대문구 연희로 81-9
서울특별시,서대문구,더양,서울특별시 서대문구 연희맛로 36
서울특별시,서대문구,가우연희직영점,서울특별시 서대문구 연희맛로 5
서울특별시,서대문구,수빈떡갈비,서울특별시 서대문구 연희로25길 31-3
서울특별시,서대문구,강수사,서울특별시 서대문구 연희로 157
서울특별시,서대문구,연희동보리굴비(한씨옥),서울특별시 서대문구 연희로25길 92
서울특별시,서대문구,벌떡장어,서울특별시 서대문구 연희로 213
서울특별시,서대문구,풍천백세장어,서울특별시 서대문구 증가로25길 5
서울특별시,서대문구,진짜루,서울특별시 서대문구 남가좌동 3-111
서울특별시,서대문구,미소그릴한돈다이닝,서울특별시 서대문구 명지대길 83
서울특별시,서대문구,짜우반점,서울특별시 서대문구 남가좌동 324-25
서울특별시,서대문구,모래내설농탕,서울특별시 서대문구 모래내로 271
서울특별시,서대문구,인삼갈비,서울특별시 서대문구 모래내로 342
서울특별시,서대문구,오계절남원추어탕,서울특별시 서대문구 연희로 267
서울특별시,서대문구,서대문아구찜,서울특별시 서대문구 연희로 271
서울특별시,서대문구,춘향골남원추어탕,서울특별시 서대문구 연희로 262-17
서울특별시,서대문구,참이맛감자탕,서울특별시 서대문구 통일로37길 22
서울특별시,서대문구,솥뚜껑삼겹살,서울특별시 서대문구 홍제내길 128
서울특별시,서대문구,대가감자탕,서울특별시 서대문구 홍제내길 136
서울특별시,서대문구,칼집삼겹,서울특별시 서대문구 통일로39가길 12
서울특별시,서초구,호주,서울특별시 서초구 서초중앙로 51
서울특별시,서초구,현대옥강남교보점,서울특별시 서초구 사평대로 354
서울특별시,서초구,허수아비,서울특별시 서초구 효령로 307
서울특별시,서초구,해늘찹쌀순대,서울특별시 서초구 동산로 89
서울특별시,서초구,한우명가노고단,서울특별시 서초구 법원로 16
서울특별시,서초구,한국피자헛서초교대역점,서울특별시 서초구 서초대로 335
서울특별시,서초구,하남돼지집방배역점,서울특별시 서초구 효령로31길 6
서울특별시,서초구,하나우동,서울특별시 서초구 서초대로78길 38
서울특별시,서초구,플람스비스트로,서울특별시 서초구 남부순환로317길 41
서울특별시,서초구,패스토팔라피자(PASTOPALA),서울특별시 서초구 양재천로7길 13
서울특별시,서초구,통영횟집,서울특별시 서초구 강남대로97길 19
서울특별시,서초구,통영바다풍경,서울특별시 서초구 방배천로4안길 55
서울특별시,서초구,테판야키키라메쿠,서울특별시 서초구 서래로 38
서울특별시,서초구,타짜도르,서울특별시 서초구 서초대로77길 61
서울특별시,서초구,커피나무이수로스팅하우스점,서울특별시 서초구 서초대로 31
서울특별시,서초구,커피나무서래마을점,서울특별시 서초구 서래로 12
서울특별시,서초구,커피그라운드,서울특별시 서초구 효령로77길 28
서울특별시,서초구,카페천국교대점,서울특별시 서초구 사임당로 31
서울특별시,서초구,카페누모,서울특별시 서초구 청룡마을길 47
서울특별시,서초구,칠갑청국장,서울특별시 서초구 효령로57길 4
서울특별시,서초구,치킨24,서울특별시 서초구 서초대로50길 66
서울특별시,서초구,초동집,서울특별시 서초구 방배천로 22
서울특별시,서초구,찹쌀순대만드는집,서울특별시 서초구 방배중앙로 161
서울특별시,서초구,차돌풍(방배점),서울특별시 서초구 효령로31길 19
서울특별시,서초구,진주청국장,서울특별시 서초구 남부순환로 2561
서울특별시,서초구,주식회사서석대,서울특별시 서초구 서초대로 346
서울특별시,서초구,종로계림닭도리탕원조교대점,서울특별시 서초구 반포대로30길 55
서울특별시,서초구,조가네갑오징어방배카페거리점,서울특별시 서초구 방배중앙로 173
서울특별시,서초구,제이의정원,서울특별시 서초구 신반포로47길 82
서울특별시,서초구,정겨운늑대,서울특별시 서초구 방배중앙로21길 6
서울특별시,서초구,전주가,서울특별시 서초구 법원로1길 1
서울특별시,서초구,전사랑,서울특별시 서초구 남부순환로347길 41
서울특별시,서초구,장수원,서울특별시 서초구 방배중앙로 153
서울특별시,서초구,장사랑서초점,서울특별시 서초구 법원로1길 7
서울특별시,서초구,장갈비,서울특별시 서초구 동산로 89
서울특별시,서초구,일품헌,서울특별시 서초구 남부순환로 2634-27
서울특별시,서초구,일품진진수라강남점,서울특별시 서초구 서초대로 254
서울특별시,서초구,일일향방배점,서울특별시 서초구 동광로 67
서울특별시,서초구,인기명양재점,서울특별시 서초구 강남대로6길 59-1
서울특별시,서초구,인기명교대점,서울특별시 서초구 서초대로53길 10
서울특별시,서초구,의정부평양면옥,서울특별시 서초구 강남대로93길 28
서울특별시,서초구,육회랑연어랑,서울특별시 서초구 방배천로2길 21
서울특별시,서초구,육갑식당,서울특별시 서초구 잠원로 46-3
서울특별시,서초구,육갑식당,서울특별시 서초구 방배중앙로 166
서울특별시,서초구,육갑식당,서울특별시 서초구 사평대로 130
서울특별시,서초구,원조부안집양재점,서울특별시 서초구 남부순환로356길 50
서울특별시,서초구,와일드플라워,서울특별시 서초구 방배로26길 19
서울특별시,서초구,와가마마,서울특별시 서초구 명달로20길 61
서울특별시,서초구,오목집강남역점,서울특별시 서초구 서초대로78길 32
서울특별시,서초구,오라카이청계산호텔illycaffe,서울특별시 서초구 청계산로9길 1-7
서울특별시,서초구,오나라오징어,서울특별시 서초구 방배중앙로 177
서울특별시,서초구,영양센타,서울특별시 서초구 방배중앙로 178
서울특별시,서초구,영스타,서울특별시 서초구 서래로8길 1
서울특별시,서초구,연안식당사당점,서울특별시 서초구 방배천로2길 2
서울특별시,서초구,에세스커피(ssscoffee),서울특별시 서초구 청룡마을4길 11-3
서울특별시,서초구,양재정육식당역삼뱅뱅점,서울특별시 서초구 효령로 426
서울특별시,서초구,야마토야,서울특별시 서초구 잠원로8길 25
서울특별시,서초구,앵콜칼국수,서울특별시 서초구 효령로52길 69
서울특별시,서초구,씨제이푸드빌(주)빕스반포역점,서울특별시 서초구 신반포로 257
서울특별시,서초구,싱글오커피,서울특별시 서초구 바우뫼로 182-1
서울특별시,서초구,신촌설렁탕교대역점,서울특별시 서초구 반포대로30길 62
서울특별시,서초구,시방,서울특별시 서초구 주흥3길 16
서울특별시,서초구,스시타노,서울특별시 서초구 서래로5길 30
서울특별시,서초구,스시가,서울특별시 서초구 사평대로56길 8
서울특별시,서초구,순대실록센트럴시티점,서울특별시 서초구 신반포로 176
서울특별시,서초구,수하동서초법원점,서울특별시 서초구 법원로2길 6
서울특별시,서초구,수라빔,서울특별시 서초구 신반포로 176
서울특별시,서초구,소호정,서울특별시 서초구 논현로 27
서울특별시,서초구,소나기,서울특별시 서초구 효령로68길 104
서울특별시,서초구,세광양대창양재점(말죽거리),서울특별시 서초구 강남대로 222-6
서울특별시,서초구,세광양대창사당점,서울특별시 서초구 방배천로2길 21
서울특별시,서초구,서울성모장례식장,서울특별시 서초구 반포대로 222
서울특별시,서초구,서울갈빗살,서울특별시 서초구 서초대로50길 66
서울특별시,서초구,서병장부대찌개,서울특별시 서초구 서초중앙로20길 34-6
서울특별시,서초구,서리풀명가,서울특별시 서초구 서초대로25길 16-1
서울특별시,서초구,서래통2,서울특별시 서초구 서래로7길 18
서울특별시,서초구,서래통,서울특별시 서초구 서래로7길 19
서울특별시,서초구,서래원좋은고기,서울특별시 서초구 동광로19길 5
서울특별시,서초구,서래본가,서울특별시 서초구 사평대로 126
서울특별시,서초구,생어거스틴교보타워점,서울특별시 서초구 강남대로 465
서울특별시,서초구,샐러디신논현역점,서울특별시 서초구 사평대로56길 7
서울특별시,서초구,블루이쉬브루커피,서울특별시 서초구 서초대로25길 51
서울특별시,서초구,브롱스양재점,서울특별시 서초구 강남대로 160-2
서울특별시,서초구,브라더솥밥&후토마키,서울특별시 서초구 효령로77길 14
서울특별시,서초구,불이아교대점,서울특별시 서초구 서초대로52길 7
서울특별시,서초구,불로삼계백숙,서울특별시 서초구 서운로6길 30
서울특별시,서초구,보현재,서울특별시 서초구 원터6길 6
서울특별시,서초구,버거베어,서울특별시 서초구 신반포로47길 56
서울특별시,서초구,백채김치찌개방배역점,서울특별시 서초구 방배로 89
서울특별시,서초구,백년한정식,서울특별시 서초구 남부순환로323길 1
서울특별시,서초구,백년옥,서울특별시 서초구 남부순환로 2407
서울특별시,서초구,방이편백육분삼십,서울특별시 서초구 서초대로77길 11
서울특별시,서초구,방배쭈꾸미랑,서울특별시 서초구 서초대로25길 35
서울특별시,서초구,방배돈&오리家,서울특별시 서초구 방배중앙로 188
서울특별시,서초구,방배골숯불갈비,서울특별시 서초구 방배중앙로29길 21
서울특별시,서초구,바오밥교대점,서울특별시 서초구 서초중앙로24길 17
서울특별시,서초구,밀갸또,서울특별시 서초구 서초대로58길 37
서울특별시,서초구,미우미우,서울특별시 서초구 서초대로 330
서울특별시,서초구,미？,서울특별시 서초구 서초대로53길 19
서울특별시,서초구,미미담감자탕,서울특별시 서초구 사평대로56길 8
서울특별시,서초구,문식당,서울특별시 서초구 명달로8길 11
서울특별시,서초구,무안뻘낙지,서울특별시 서초구 동광로12가길 17
서울특별시,서초구,묘오또,서울특별시 서초구 방배로28길 16
서울특별시,서초구,목동,서울특별시 서초구 서초대로48길 33
서울특별시,서초구,모아정,서울특별시 서초구 서초대로48길 89-4
서울특별시,서초구,명동피자신논현점,서울특별시 서초구 강남대로79길 36
서울특별시,서초구,메기대감,서울특별시 서초구 남부순환로350길 30
서울특별시,서초구,만추,서울특별시 서초구 사평대로55길 82-14
서울특별시,서초구,만경생태,서울특별시 서초구 서초중앙로26길 17
서울특별시,서초구,막걸리이야기서초점,서울특별시 서초구 반포대로28길 21-12
서울특별시,서초구,마포화곱창양재역점,서울특별시 서초구 남부순환로350길 40
서울특별시,서초구,로찌커피(lodgecoffee),서울특별시 서초구 서초대로58길 5
서울특별시,서초구,듀파르,서울특별시 서초구 효령로 244
서울특별시,서초구,도쿄하나잠원점,서울특별시 서초구 신반포로33길 27
서울특별시,서초구,델리세,서울특별시 서초구 동광로 106
서울특별시,서초구,더하누,서울특별시 서초구 서초대로74길 49
서울특별시,서초구,더플라잉팬레드,서울특별시 서초구 서초대로 411
서울특별시,서초구,더막창,서울특별시 서초구 서초대로77길 37
서울특별시,서초구,댓짱돈까스,서울특별시 서초구 방배중앙로 204
서울특별시,서초구,대신양대창,서울특별시 서초구 서래로 44
서울특별시,서초구,당산오돌(사당역점),서울특별시 서초구 방배천로4길 18
서울특별시,서초구,달빛한스픈,서울특별시 서초구 방배중앙로 165
서울특별시,서초구,누들스(NOODLES),서울특별시 서초구 남부순환로 2385
서울특별시,서초구,논골집서초점,서울특별시 서초구 서초중앙로 66
서울특별시,서초구,남와집,서울특별시 서초구 강남대로30길 34
서울특별시,서초구,남도명가,서울특별시 서초구 방배천로4길 11
서울특별시,서초구,나오스시(직수사),서울특별시 서초구 남부순환로356길 121
서울특별시,서초구,꼬꼬앤사케,서울특별시 서초구 고무래로 16
서울특별시,서초구,깐부치킨사당역점KKANBUCHICKEN,서울특별시 서초구 방배천로 21
서울특별시,서초구,깐부치킨논현역5번출구점,서울특별시 서초구 신반포로47길 12
서울특별시,서초구,깐부치킨(교대점),서울특별시 서초구 서초대로50길 62-4
서울특별시,서초구,김씨부인,서울특별시 서초구 사평대로26길 26-6
서울특별시,서초구,김부삼,서울특별시 서초구 방배천로4길 20
서울특별시,서초구,군선생남부터미널점,서울특별시 서초구 효령로55길 28
서울특별시,서초구,교대장간장새우,서울특별시 서초구 서초대로50길 24
서울특별시,서초구,교대이층집양재점,서울특별시 서초구 강남대로 222-6
서울특별시,서초구,교대밀밭,서울특별시 서초구 반포대로26길 61
서울특별시,서초구,교대고메정식당,서울특별시 서초구 서초중앙로22길 42
서울특별시,서초구,공리특허짬뽕,서울특별시 서초구 방배로26길 8
서울특별시,서초구,공리,서울특별시 서초구 신반포로47길 93
서울특별시,서초구,곰작골나주곰탕잠원점,서울특별시 서초구 나루터로12길 28-18
서울특별시,서초구,곰작골나주곰탕(양재점),서울특별시 서초구 남부순환로 2626
서울특별시,서초구,개미식당숙성통삼겹,서울특별시 서초구 방배중앙로29길 30 
서울특별시,서초구,개미식당,서울특별시 서초구 나루터로12길 28-18
서울특별시,서초구,강촌식당서초점,서울특별시 서초구 효령로 316-1
서울특별시,서초구,강남역모범갈빗살,서울특별시 서초구 서초대로73길 40
서울특별시,서초구,강남복칼국수,서울특별시 서초구 서초대로74길 23
서울특별시,서초구,Zoocoffee(쥬커피),서울특별시 서초구 서초대로46길 17
서울특별시,서초구,TODAH(토다),서울특별시 서초구 성촌6길 39
서울특별시,서초구,SOULBUCKET(소울버킷),서울특별시 서초구 서초중앙로 75
서울특별시,서초구,LilyBlanc(릴리블랑),서울특별시 서초구 양재천로19길 52
서울특별시,서초구,L.BROCOFFEE(엘브로커피),서울특별시 서초구 서초대로46길 93
서울특별시,서초구,KANGCHEFSTORY(강쉐프스토리),서울특별시 서초구 방배로 234-6
서울특별시,서초구,IT'scafe+(잇츠카페플러스),서울특별시 서초구 효령로 218
서울특별시,서초구,CUOREespresso(쿠오레에스프레소),서울특별시 서초구 강남대로 275
서울특별시,서초구,CAFESKY&LIBRARY(카페하늘도서관),서울특별시 서초구 서래로 32
서울특별시,서초구,BABBOPIZZA(밥보피자),서울특별시 서초구 서초대로42길 82
서울특별시,서초구,7번가피자서초교대점,서울특별시 서초구 남부순환로339길 47-1
서울특별시,서초구,6484쪽갈비,서울특별시 서초구 동산로19길 50
서울특별시,서초구,5월5일,서울특별시 서초구 강남대로37길 12-3
서울특별시,서초구,2F,서울특별시 서초구 강남대로 261
서울특별시,서초구,(주)해담채남부터미널점,서울특별시 서초구 서초중앙로5길 10-8
서울특별시,서초구,(주)크라이치즈버거,서울특별시 서초구 강남대로41길 8
서울특별시,서초구,(주)배나무골,서울특별시 서초구 마방로2길 12
서울특별시,서초구,(주)닥터로빈강남점,서울특별시 서초구 고무래로 8
서울특별시,서초구,(주)거북곱창,서울특별시 서초구 서초대로50길 94
서울특별시,서초구,히바린 신세계강남점,서울특별시 서초구 신반포로 176
서울특별시,서초구,화니 신세계백화점 강남점,서울특별시 서초구 신반포로 176
서울특별시,서초구,홍익궁중전통육개장 신세계강남점,서울특별시 서초구 신반포로 176
서울특별시,서초구,홍대만뽀 신세계강남점,서울특별시 서초구 신반포로 176
서울특별시,서초구,호호돈까스,서울특별시 서초구 신반포로 176
서울특별시,서초구,평양면옥,서울특별시 서초구 신반포로 176
서울특별시,서초구,팥꽃나무집,서울특별시 서초구 신반포로 176
서울특별시,서초구,티원 사당역점,서울특별시 서초구 방배천로 11
서울특별시,서초구,타쯔,서울특별시 서초구 서초대로22길 8
서울특별시,서초구,타마린드,서울특별시 서초구 신반포로 176
서울특별시,서초구,콩부인 강남,서울특별시 서초구 신반포로 176
서울특별시,서초구,커피스테이션 폴바셋,서울특별시 서초구 신반포로 176
서울특별시,서초구,칠보면옥,서울특별시 서초구 신반포로 176
서울특별시,서초구,청담반점 신세계강남점,서울특별시 서초구 신반포로 176
서울특별시,서초구,진구곱창,서울특별시 서초구 서초대로75길 37
서울특별시,서초구,인생설렁탕 신사역지점,서울특별시 서초구 신반포로47길 105
서울특별시,서초구,우주,서울특별시 서초구 사평대로18길 38
서울특별시,서초구,옥인(玉咽)칼국수,서울특별시 서초구 신반포로 176 
서울특별시,서초구,엘리스 1871,서울특별시 서초구 신반포로 176
서울특별시,서초구,에스-탑스시,서울특별시 서초구 신반포로 176
서울특별시,서초구,스트릿 강남신세계,서울특별시 서초구 신반포로 176
서울특별시,서초구,서울주막,서울특별시 서초구 서초대로77길 41
서울특별시,서초구,샤브진,서울특별시 서초구 신반포로 176
서울특별시,서초구,생활맥주 구반포역점,서울특별시 서초구 신반포로3길 7
서울특별시,서초구,샐러데이즈 & 샌디데이즈 이수방배점,서울특별시 서초구 방배천로16길 4
서울특별시,서초구,새마을식당육 서초교대지점,서울특별시 서초구 서초대로54길 24
서울특별시,서초구,삼삼가마솥돈까스&칡불냉면 교대점,서울특별시 서초구 서초중앙로22길 45
서울특별시,서초구,빽다방 신사사거리지점,서울특별시 서초구 강남대로 605
서울특별시,서초구,빽다방 신논현역지점,서울특별시 서초구 사평대로 367
서울특별시,서초구,비노 인 빌라(VINO IN VILLA),서울특별시 서초구 남부순환로319길 14
서울특별시,서초구,보카보카,서울특별시 서초구 신반포로 176 
서울특별시,서초구,베키아에누보 강남점,서울특별시 서초구 신반포로 176
서울특별시,서초구,백종원의 원조쌈밥집 양재지점,서울특별시 서초구 강남대로8길 3
서울특별시,서초구,밀화,서울특별시 서초구 신반포로 176
서울특별시,서초구,민스키친 한그릇,서울특별시 서초구 신반포로 176
서울특별시,서초구,미정비빔밥,서울특별시 서초구 신반포로 176
서울특별시,서초구,무한식당,서울특별시 서초구 신반포로3길 7
서울특별시,서초구,딤딤섬 라이스 앤 누들,서울특별시 서초구 신반포로 176
서울특별시,서초구,돌배기집 사당역지점,서울특별시 서초구 방배천로2길 12
서울특별시,서초구,덕인관 신세계강남점,서울특별시 서초구 신반포로 176
서울특별시,서초구,꼴라주,서울특별시 서초구 신반포로 176
서울특별시,서초구,고렝(신세계강남점),서울특별시 서초구 신반포로 176
서울특별시,서초구,계절의 맛 신세계 강남점,서울특별시 서초구 신반포로 176
서울특별시,서초구,강남역맛집 서울주막1호점,서울특별시 서초구 서초대로73길 42
서울특별시,서초구,The MARGAUX GRILL(더 마고 그릴),서울특별시 서초구 신반포로 176
서울특별시,서초구,THE LOUNGE(더 라운지),서울특별시 서초구 신반포로 176
서울특별시,서초구,TAMAYURA(타마유라),서울특별시 서초구 신반포로 176
서울특별시,서초구,Salvatore Cuomo(살바토레 쿠오모) 신세계강남점,서울특별시 서초구 신반포로 176
서울특별시,서초구,MOBO BAR(모보바),서울특별시 서초구 신반포로 176
서울특별시,서초구,Flavors(플레이버즈),서울특별시 서초구 신반포로 176
서울특별시,서초구,DEAN & DELUCA(딘 앤 델루카),서울특별시 서초구 신반포로 176
서울특별시,서초구,Cafe One(카페 원),서울특별시 서초구 신반포로 176
서울특별시,서초구,BERLINKRANZ(베를린크란츠),서울특별시 서초구 서초중앙로 229
서울특별시,서초구,(주)신세계푸드 자니로켓 강남점,서울특별시 서초구 신반포로 176
서울특별시,서초구,(주) 신세계조선호텔 호경전(강남),서울특별시 서초구 신반포로 176
서울특별시,서초구,파리크라상키친서초래미안점,서울특별시 서초구 사임당로 157
서울특별시,서초구,파리크라상서래점,서울특별시 서초구 서래로5길 2
서울특별시,서초구,파리크라상교대역점,서울특별시 서초구 서초중앙로24길 27
서울특별시,서초구,파리크라상강남점,서울특별시 서초구 서초대로77길 25
서울특별시,서초구,파리크라상,서울특별시 서초구 신반포로 41
서울특별시,서초구,토스트가마시는커피,서울특별시 서초구 서초대로 97
서울특별시,서초구,퀸스파크서래점,서울특별시 서초구 동광로 95-1
서울특별시,서초구,카페수,서울특별시 서초구 반포대로22길 38
서울특별시,서초구,카페보니(CafeBonny),서울특별시 서초구 방배로 22
서울특별시,서초구,카리,서울특별시 서초구 사평대로 205
서울특별시,서초구,채빛퀴진(ChavitCuisine),서울특별시 서초구 올림픽대로 2085-14
서울특별시,서초구,어진,서울특별시 서초구 강남대로18길 15-11
서울특별시,서초구,어전,서울특별시 서초구 법원로2길 7-4
서울특별시,서초구,어다리,서울특별시 서초구 서초대로 280
서울특별시,서초구,소연,서울특별시 서초구 반포대로30길 9
서울특별시,서초구,서청미역,서울특별시 서초구 서초대로40길 41
서울특별시,서초구,서래말면옥집,서울특별시 서초구 사평대로26길 47
서울특별시,서초구,부일갈비,서울특별시 서초구 서초중앙로2길 42
서울특별시,서초구,본죽방배상문고점,서울특별시 서초구 명달로 49
서울특별시,서초구,백스비어사당역지점,서울특별시 서초구 방배천로2길 12
서울특별시,서초구,마초셰프,서울특별시 서초구 서초대로25길 8
서울특별시,서초구,돈가스신사,서울특별시 서초구 나루터로15길 6
서울특별시,서초구,대박분식,서울특별시 서초구 청두곶길 29
서울특별시,서초구,까르보마마,서울특별시 서초구 강남대로16길 21
서울특별시,서초구,김영희강남동태찜이수점,서울특별시 서초구 서초대로 3-4
서울특별시,서초구,교대원포차,서울특별시 서초구 서초대로 360
서울특별시,서초구,곤드레집,서울특별시 서초구 청룡마을1길 1
서울특별시,서초구,THEMINOS(더미노스),서울특별시 서초구 나루터로 64
서울특별시,서초구,OliveAve.,서울특별시 서초구 방배천로 11
서울특별시,서초구,(주)하일아트서초2지점,서울특별시 서초구 반포대로4길 54
서울특별시,서초구,(주)파리크라상서초아크로비스타점,서울특별시 서초구 서초중앙로 188
서울특별시,성북구,제나키친,서울특별시 성북구 화랑로11길 23
서울특별시,성북구,현참치,서울특별시 성북구 보문로 171
서울특별시,성북구,본가스시,서울특별시 성북구 동소문로 315
서울특별시,성북구,마루가메제면(고대점),서울특별시 성북구 고려대로24길 20
서울특별시,성북구,카페마노아CAFEMANOA(꿈의숲점),서울특별시 성북구 장월로23길 47-3
서울특별시,성북구,카페마노아CAFEMANOA,서울특별시 성북구 보문로34길 51
서울특별시,성북구,해빔현대백화점미아점,서울특별시 성북구 동소문로 315
서울특별시,성북구,한솔냉면,서울특별시 성북구 동소문로 315
서울특별시,성북구,퍼틴,서울특별시 성북구 동소문로 315
서울특별시,성북구,차이(Chai)797현대미아점,서울특별시 성북구 동소문로 315
서울특별시,성북구,주식회사엠에프지코리아매드포갈릭현대백화점미아점,서울특별시 성북구 동소문로 315
서울특별시,성북구,와우철판현대백화점미아점,서울특별시 성북구 동소문로 315
서울특별시,성북구,스시로미아점,서울특별시 성북구 동소문로 315
서울특별시,성북구,서리재현대미아점,서울특별시 성북구 동소문로 315
서울특별시,성북구,삼백돈돈가츠(현대미아점),서울특별시 성북구 동소문로 315
서울특별시,성북구,사보텐현대미아점,서울특별시 성북구 동소문로 315
서울특별시,성북구,미엔아이(천등)미아점,서울특별시 성북구 동소문로 315
서울특별시,성북구,만추현대백화점미아점,서울특별시 성북구 동소문로 315
서울특별시,성북구,돌장각,서울특별시 성북구 동소문로 315
서울특별시,성북구,h'315(에이치삼일오),서울특별시 성북구 동소문로 315
서울특별시,성북구,(주)보나비아티제미아현대점,서울특별시 성북구 동소문로 315
서울특별시,성북구,한우설렁탕,서울특별시 성북구 삼선교로 85 
서울특별시,성북구,모심,서울특별시 성북구 개운사길 8
서울특별시,성북구,가재야,서울특별시 성북구 보문로 163
서울특별시,성북구,리얼파스타성신여대점,서울특별시 성북구 동소문로20다길 15
서울특별시,양천구,코바코신트리스타점,서울특별시 양천구 신정로 312
서울특별시,양천구,네코라멘,서울특별시 양천구 목동남로4길 22
서울특별시,양천구,상원양꼬치샤브,서울특별시 양천구 목동남로 48
서울특별시,양천구,해까득목동점,서울특별시 양천구 목동서로 349 
서울특별시,양천구,놀부부대찌개&철판구이,서울특별시 양천구 목동서로 349 
서울특별시,양천구,마실,서울특별시 양천구 목동동로 55
서울특별시,양천구,낙지와볼테기,서울특별시 양천구 목동동로 73
서울특별시,양천구,황태보감,서울특별시 양천구 신월로 354
서울특별시,양천구,피자알볼로목동본점,서울특별시 양천구 은행정로4길 16
서울특별시,양천구,본죽신정점,서울특별시 양천구 은행정로 16 
서울특별시,양천구,미소참치,서울특별시 양천구 신월로 376 
서울특별시,양천구,루체디베네치아,서울특별시 양천구 신월로 348
서울특별시,양천구,원할머니보쌈.족발신정점,서울특별시 양천구 신월로 332
서울특별시,양천구,본죽신정네거리역점,서울특별시 양천구 중앙로 254 
서울특별시,양천구,죽이야기(양천신월6)동점,서울특별시 양천구 남부순환로83길 17
서울특별시,양천구,홍두깨손칼국수,서울특별시 양천구 남부순환로 589
서울특별시,양천구,초애,서울특별시 양천구 남부순환로 605 
서울특별시,양천구,강지우밥상2호점,서울특별시 양천구 신월로16길 7
서울특별시,양천구,은성가든,서울특별시 양천구 신월로 210
서울특별시,양천구,콩두,서울특별시 양천구 신정이펜2로 22
서울특별시,양천구,황가네감자탕,서울특별시 양천구 신월로 120
서울특별시,양천구,청풍명월,서울특별시 양천구 신월로 122 
서울특별시,양천구,봉피양,서울특별시 양천구 신월로 112
서울특별시,양천구,본화로(本和盧)왕소금구이,서울특별시 양천구 신월로 120
서울특별시,양천구,회바다수산,서울특별시 양천구 신월로 111
서울특별시,양천구,순천식당,서울특별시 양천구 지양로 26
서울특별시,양천구,위가네삼겹살전문점,서울특별시 양천구 지양로 58
서울특별시,양천구,죽이야기(양천신월7동점),서울특별시 양천구 지양로 74 
서울특별시,양천구,뉴욕바닷가재,서울특별시 양천구 남부순환로 575
서울특별시,양천구,홍농숯불갈비,서울특별시 양천구 신월로15길 1
서울특별시,양천구,토속보리밭,서울특별시 양천구 신월로15길 15
서울특별시,양천구,본죽신곡시장점,서울특별시 양천구 신월로 175 
서울특별시,양천구,서울소머리국밥,서울특별시 양천구 오목로 32
서울특별시,양천구,하우돈곱창,서울특별시 양천구 오목로 76
서울특별시,양천구,접시고기(신월점),서울특별시 양천구 월정로 8
서울특별시,양천구,14일의설레임,서울특별시 양천구 월정로 20
서울특별시,양천구,진참치,서울특별시 양천구 오목로24길 31 
서울특별시,양천구,소문난개미,서울특별시 양천구 중앙로46길 5
서울특별시,양천구,북해도,서울특별시 양천구 오목로50길 37
서울특별시,양천구,장용재두부갤러리,서울특별시 양천구 목동동로10길 22
서울특별시,양천구,연실네속초코다리,서울특별시 양천구 목동동로8길 3 
서울특별시,양천구,신마포갈매기,서울특별시 양천구 신목로 47
서울특별시,양천구,린궁즈,서울특별시 양천구 목동동로8길 3
서울특별시,양천구,다오래골뱅이,서울특별시 양천구 목동동로10길 16-5 
서울특별시,양천구,남원추어탕,서울특별시 양천구 목동동로10길 17
서울특별시,양천구,삿뽀로목동점(주)엔타스,서울특별시 양천구 목동동로 189
서울특별시,양천구,본죽,서울특별시 양천구 목동서로 277 
서울특별시,양천구,경복궁목동점(주)엔타스,서울특별시 양천구 목동동로 189
서울특별시,양천구,제주바당,서울특별시 양천구 신목로14길 6-1
서울특별시,양천구,박가네들깨칼국수,서울특별시 양천구 신목로12길 7 
서울특별시,양천구,이태리식당,서울특별시 양천구 신목로2길 68
서울특별시,양천구,배수사,서울특별시 양천구 신목로 108-10
서울특별시,양천구,만배아리랑보쌈,서울특별시 양천구 목동동로12길 45
서울특별시,양천구,더브라운목동점,서울특별시 양천구 오목로 354
서울특별시,양천구,(주)용형호제락희안목동점,서울특별시 양천구 오목로 330
서울특별시,양천구,젠틀한식탁,서울특별시 양천구 목동동로14길 6-1
서울특별시,양천구,젠틀블랙,서울특별시 양천구 목동동로14길 10 
서울특별시,양천구,서가앤쿡목동점,서울특별시 양천구 오목로 286
서울특별시,양천구,대복,서울특별시 양천구 오목로 276
서울특별시,양천구,(주)닥터로빈목동점,서울특별시 양천구 오목로 299
서울특별시,양천구,주문진회집,서울특별시 양천구 오목로 313-6
서울특별시,양천구,해몽,서울특별시 양천구 오목로 339
서울특별시,양천구,팔각도목동본점,서울특별시 양천구 목동동로 266-1
서울특별시,양천구,칸지,서울특별시 양천구 목동동로 264
서울특별시,양천구,교담집,"서울특별시 양천구 목동동로 260, "
서울특별시,양천구,6즙530,서울특별시 양천구 오목로 337-10
서울특별시,양천구,해우리현대백화점목동점,서울특별시 양천구 목동동로 257
서울특별시,양천구,한국집,서울특별시 양천구 목동동로 257
서울특별시,양천구,일치프리아니현대목동점,서울특별시 양천구 목동동로 257
서울특별시,양천구,엘본더테이블목동점,서울특별시 양천구 목동동로 257
서울특별시,양천구,스쿨푸드목동점,서울특별시 양천구 목동동로 257
서울특별시,양천구,송(松),서울특별시 양천구 목동동로 257 
서울특별시,양천구,리원,서울특별시 양천구 목동동로 257
서울특별시,양천구,도원스타일목동,서울특별시 양천구 목동동로 257
서울특별시,양천구,훠궈야목동점,서울특별시 양천구 목동동로 293
서울특별시,양천구,토마틸로목동현대41타워점,서울특별시 양천구 목동동로 293
서울특별시,양천구,진미옥설렁탕,서울특별시 양천구 목동서로 155 
서울특별시,양천구,주식회사삼십칠점오목동점,서울특별시 양천구 목동동로 309
서울특별시,양천구,은행골,서울특별시 양천구 목동서로 155 
서울특별시,양천구,엉터리생고기,서울특별시 양천구 목동서로 155
서울특별시,양천구,송추가마골목동지점,서울특별시 양천구 목동동로 293
서울특별시,양천구,본죽&비빔밥목동파라곤점,서울특별시 양천구 목동서로 155 
서울특별시,양천구,배꼽집,서울특별시 양천구 목동동로 293
서울특별시,양천구,반포식스목동점,서울특별시 양천구 목동동로 293
서울특별시,양천구,목동일도씨닭갈비,서울특별시 양천구 목동동로 293
서울특별시,양천구,리위엔(목동점),서울특별시 양천구 목동서로 155
서울특별시,양천구,그린매니저,서울특별시 양천구 목동서로 155
서울특별시,양천구,고래아방,서울특별시 양천구 목동동로 293
서울특별시,양천구,(유)아웃백스테이크하우스코리아목동점,서울특별시 양천구 목동동로 293
서울특별시,양천구,한옥안동국시,서울특별시 양천구 목동서로 213
서울특별시,양천구,스테이233&쌀쌀맞은닭,서울특별시 양천구 목동동로 233
서울특별시,양천구,먹자대게,서울특별시 양천구 목동서로 213
서울특별시,양천구,동천홍,서울특별시 양천구 목동서로 225 
서울특별시,양천구,댓짱돈까스,서울특별시 양천구 목동서로 225
서울특별시,양천구,(주)엠에프지코리아매드포갈릭목동점,서울특별시 양천구 목동동로 233-3 
서울특별시,양천구,본죽(목동로데오점),서울특별시 양천구 목동로 218
서울특별시,양천구,강촌식당,서울특별시 양천구 오목로 285
서울특별시,양천구,가랑삼계탕,서울특별시 양천구 목동로 210 
서울특별시,양천구,(주)정정당당양촌리,서울특별시 양천구 목동로 234
서울특별시,양천구,박가부대찌개,서울특별시 양천구 목동서로 170
서울특별시,양천구,본죽목동이대병원점,서울특별시 양천구 목동동로 431
서울특별시,양천구,무교동유진낙지,서울특별시 양천구 목동동로 423 
서울특별시,양천구,원조쌈밥집목동점,서울특별시 양천구 목동서로 57 
서울특별시,양천구,수미가샤브샤브,서울특별시 양천구 목동동로 379 
서울특별시,양천구,본죽&비빔밥카페목동파리공원점,서울특별시 양천구 목동서로 77
서울특별시,양천구,목동평양면옥,서울특별시 양천구 목동서로 57 
서울특별시,양천구,우마루,서울특별시 양천구 목동중앙로 101 
서울특별시,양천구,중화요리온,서울특별시 양천구 공항대로 630
서울특별시,양천구,정짜장,서울특별시 양천구 공항대로 634
서울특별시,양천구,염창회마차,서울특별시 양천구 공항대로 626
서울특별시,양천구,양평신내서울해장국,서울특별시 양천구 공항대로 646
서울특별시,양천구,동해진미,서울특별시 양천구 목동중앙북로 89-6
서울특별시,양천구,돌쇠감자탕순대국,서울특별시 양천구 공항대로 642
서울특별시,양천구,굽네치킨염창역점,서울특별시 양천구 공항대로 644
서울특별시,양천구,황토가마통돼지촌,서울특별시 양천구 목동중앙서로 36
서울특별시,양천구,향촌,서울특별시 양천구 목동중앙서로 46
서울특별시,양천구,착한낙지목동점,서울특별시 양천구 국회대로 289 
서울특별시,양천구,케이6송탄부대찌개,서울특별시 양천구 등촌로 24
서울특별시,양천구,바다다,서울특별시 양천구 목동중앙서로1길 11
서울특별시,양천구,디오니스,서울특별시 양천구 목동중앙남로 12 
서울특별시,양천구,어촌가,서울특별시 양천구 등촌로 118
서울특별시,양천구,등촌동버섯샤브칼국수,서울특별시 양천구 등촌로 110
서울특별시,양천구,탱글낙지마당,서울특별시 양천구 등촌로 186
서울특별시,양천구,본죽(등촌역점),서울특별시 양천구 등촌로 206
서울특별시,양천구,연안식당염창역점,서울특별시 양천구 공항대로 596
서울특별시,양천구,천외천,서울특별시 양천구 등촌로 220 
서울특별시,양천구,산채향기,서울특별시 양천구 목동중앙북로 7-38 
서울특별시,양천구,남강오리전문점,서울특별시 양천구 목동중앙북로7가길 25
서울특별시,양천구,손가네칼국수,서울특별시 양천구 오목로 205-2 
서울특별시,양천구,대가,서울특별시 양천구 신정중앙로 66 
서울특별시,양천구,서라벌한정식목동점,서울특별시 양천구 중앙로 322
서울특별시,양천구,항아리수제비,서울특별시 양천구 신정중앙로23길 12 
서울특별시,양천구,광참치,서울특별시 양천구 신정중앙로 95 
서울특별시,양천구,우리토종삼계탕,서울특별시 양천구 월정로 60 
서울특별시,양천구,신월동곱창,서울특별시 양천구 오목로 39 
서울특별시,양천구,돈처럼,서울특별시 양천구 오목로 15 
서울특별시,양천구,광양불고기,서울특별시 양천구 남부순환로 531
서울특별시,양천구,별난명태신월점,서울특별시 양천구 남부순환로 423
서울특별시,양천구,목향들깨칼국수,서울특별시 양천구 가로공원로 142 
서울특별시,양천구,명륜진사갈비신월점,서울특별시 양천구 월정로 193
서울특별시,양천구,본죽,서울특별시 양천구 남부순환로40길 13
서울특별시,양천구,곰달래감자탕,서울특별시 양천구 남부순환로 368 
서울특별시,양천구,등촌칼국수,서울특별시 양천구 화곡로 100
서울특별시,양천구,죽이야기(양천메디힐병원점),서울특별시 양천구 화곡로4길 22 
서울특별시,양천구,너랑나랑,서울특별시 양천구 가로공원로 125
서울특별시,양천구,국가대패신월5동점,서울특별시 양천구 가로공원로 119
서울특별시,양천구,최고야식당,서울특별시 양천구 화곡로4길 12
서울특별시,양천구,바다가요리한찜,서울특별시 양천구 화곡로 64 
서울특별시,양천구,남원골명품추어탕,서울특별시 양천구 화곡로 95
서울특별시,양천구,9라파부대찌개(강서점),서울특별시 양천구 월정로 270
서울특별시,영등포구,인기명여의도,서울특별시 영등포구 여의대방로 379
서울특별시,영등포구,생고기스톤하우스,서울특별시 영등포구 대방천로170
서울특별시,영등포구,순흥골,서울특별시 영등포구 대방천로 175
서울특별시,영등포구,원조팽이집장어전문,서울특별시 영등포구 영신로19길 11-9
서울특별시,영등포구,골목횟집,서울특별시 영등포구 영신로13길 3
서울특별시,영등포구,봉평우가네막국수,서울특별시 영등포구 63로 36
서울특별시,영등포구,리선전복,서울특별시 영등포구 63로36 
서울특별시,영등포구,본도시락동여의도점(야베스),서울특별시 영등포구 여의대방로70길 7
서울특별시,영등포구,맛있는족발맛족본점,서울특별시 영등포구 여의대방로 394
서울특별시,영등포구,여의도마루,서울특별시 영등포구 국제금융로7길 15
서울특별시,영등포구,한양원,서울특별시 영등포구 여의대방로65길 6
서울특별시,영등포구,한야지포크,서울특별시 영등포구 여의대방로67길 8
서울특별시,영등포구,우들목여의도점,서울특별시 영등포구 여의대방로67길 21 
서울특별시,영등포구,오발탄여의도점,서울특별시 영등포구 여의대방로65길 20
서울특별시,영등포구,영의정,서울특별시 영등포구 국제금융로 72
서울특별시,영등포구,단아,서울특별시 영등포구 여의대방로67길 21
서울특별시,영등포구,그릴종고산,서울특별시 영등포구 여의대방로 375
서울특별시,영등포구,진풍정,서울특별시 영등포구 국제금융로8길 27-8
서울특별시,영등포구,교대이층집여의도점,서울특별시 영등포구 국제금융로8길 27-8
서울특별시,영등포구,경천애인2237,서울특별시 영등포구 국제금융로8길 31 
서울특별시,영등포구,장수메밀제면,서울특별시 영등포구 국제금융로6길 33
서울특별시,영등포구,일호면옥,서울특별시 영등포구 의사당대로 127
서울특별시,영등포구,뚝심한우여의도점,서울특별시 영등포구 국제금융로6길 26 
서울특별시,영등포구,(주)예성푸드써비스,서울특별시 영등포구 국제금융로6길 38
서울특별시,영등포구,오복수산여의도점,서울특별시 영등포구 국제금융로2길 17
서울특별시,영등포구,두껍상여의도직영점주식회사,서울특별시 영등포구 국제금융로2길 25
서울특별시,영등포구,온더보더여의도IFC점,서울특별시 영등포구 국제금융로 10
서울특별시,영등포구,씨제이푸드빌(주)제일제면소여의도점,서울특별시 영등포구 국제금융로 10
서울특별시,영등포구,사리원,서울특별시 영등포구 국제금융로 10
서울특별시,영등포구,경복궁앤삿뽀로여의도아이에프씨점,서울특별시 영등포구 국제금융로 10
서울특별시,영등포구,(주)식음연구소IFC점,서울특별시 영등포구 국제금융로 10
서울특별시,영등포구,함루여의도점,서울특별시 영등포구 국제금융로2길 32
서울특별시,영등포구,카레나이스,서울특별시 영등포구 국제금융로2길 32
서울특별시,영등포구,제주산방식당오투테라스점,서울특별시 영등포구 의사당대로 83
서울특별시,영등포구,이도맨숀라이브,서울특별시 영등포구 의사당대로 83
서울특별시,영등포구,삼씨오화,서울특별시 영등포구 의사당대로 83
서울특별시,영등포구,사위식당여의도점,서울특별시 영등포구 국제금융로2길 32
서울특별시,영등포구,더미여의도점,서울특별시 영등포구 국제금융로2길 28
서울특별시,영등포구,(주)삼원가든투뿔등심여의도점,서울특별시 영등포구 국제금융로2길 24
서울특별시,영등포구,차차등심,서울특별시 영등포구 의사당대로 108
서울특별시,영등포구,남도고깃간,서울특별시 영등포구 의사당대로 108
서울특별시,영등포구,나주곰탕,서울특별시 영등포구 영등포로 216-1
서울특별시,영등포구,송추가마골영등포지점,서울특별시 영등포구 문래로28길 25
서울특별시,영등포구,바우네나주곰탕문래점,서울특별시 영등포구 당산로 34
서울특별시,영등포구,동경화로(문래점),서울특별시 영등포구 당산로 34
서울특별시,영등포구,토종순대국,서울특별시 영등포구 영등포로28길 5
서울특별시,영등포구,청다담,서울특별시 영등포구 영등포로28길 5
서울특별시,영등포구,㈜엠지투게더한식뷔페,서울특별시 영등포구 영등포로 162
서울특별시,영등포구,소담푸드,서울특별시 영등포구 선유로3길 10
서울특별시,영등포구,화사랑화로구이,서울특별시 영등포구 선유로9가길 16
서울특별시,영등포구,오유미당(문래점),서울특별시 영등포구 선유로9길 10
서울특별시,영등포구,부뚜막청국장,서울특별시 영등포구 당산로31길 17
서울특별시,영등포구,당산숯불구이,서울특별시 영등포구 선유동1로 50
서울특별시,영등포구,한우진곰탕,서울특별시 영등포구 당산로31길 18
서울특별시,영등포구,한촌설렁탕롯데마트서울양평점,서울특별시 영등포구 선유로138
서울특별시,영등포구,데일리푸드,서울특별시 영등포구 선유로 146 지층
서울특별시,영등포구,쥰식당,서울특별시 영등포구 영중로 지하40
서울특별시,영등포구,사육장,서울특별시 영등포구 국회대로54길 10
서울특별시,영등포구,㈜해담채서여의도,서울특별시 영등포구 은행로 30
서울특별시,영등포구,운산,서울특별시 영등포구 여의공원로 101
서울특별시,영등포구,황금복국여의도점,서울특별시 영등포구 국회대로70길 7 
서울특별시,영등포구,화담,서울특별시 영등포구 국회대로 800
서울특별시,영등포구,주식회사해초연,서울특별시 영등포구 국회대로76길 10 
서울특별시,영등포구,정인면옥,서울특별시 영등포구 국회대로76길 10
서울특별시,영등포구,온누리쭈꾸미,서울특별시 영등포구 은행로 37
서울특별시,영등포구,양마니,서울특별시 영등포구 국회대로76길 16
서울특별시,영등포구,하동관,서울특별시 영등포구 은행로 3 
서울특별시,영등포구,천지명,서울특별시 영등포구 은행로 3 
서울특별시,영등포구,연타발,서울특별시 영등포구 국회대로70길 18
서울특별시,영등포구,참배나무골오리집여의도점,서울특별시 영등포구 국회대로62길 25
서울특별시,영등포구,마초갈비,서울특별시 영등포구 의사당대로 38
서울특별시,영등포구,채선당당산점,서울특별시 영등포구 영중로 119
서울특별시,영등포구,숯불구이산더미&메머드,서울특별시 영등포구 양평로12길 7
서울특별시,영등포구,"바지락칼국수&아구찜,보쌈",서울특별시 영등포구 양평로12길 7
서울특별시,영등포구,더밥당산점,서울특별시 영등포구 당산로41길 11
서울특별시,영등포구,비원당산본점,서울특별시 영등포구 당산로 205
서울특별시,영등포구,교촌치킨선유도역점,서울특별시 영등포구 양평로 108
서울특별시,영등포구,이디야,서울특별시 영등포구 영등포로35길 19
서울특별시,영등포구,몽모리아,서울특별시 영등포구 신풍로 77
서울특별시,영등포구,고반식당서여의도점,서울특별시 영등포구 의사당대로 26
서울특별시,영등포구,마산아구찜,서울특별시 영등포구 의사당대로 127 
서울특별시,영등포구,남도마루,서울특별시 영등포구 은행로 3
서울특별시,영등포구,미쓰족발(영등포점),서울특별시 영등포구 영중로4길 20-1
서울특별시,영등포구,육첩반상,서울특별시 영등포구 영중로 9 
서울특별시,영등포구,오장동(함흥냉면),서울특별시 영등포구 영중로 9 
서울특별시,영등포구,화포식당(여의도점),서울특별시 영등포구 여의대방로65길 6 
서울특별시,영등포구,야마야여의도점,서울특별시 영등포구 여의대로 66 
서울특별시,영등포구,(주)동원홈푸드한국투자증권점,서울특별시 영등포구 여의대로 38
서울특별시,영등포구,연화숯불구이,서울특별시 영등포구 여의나루로 113
서울특별시,영등포구,복먹고복받고,서울특별시 영등포구 양산로19길 8 
서울특별시,영등포구,㈜솟대촌강강술래당산점,서울특별시 영등포구 선유로 251
서울특별시,영등포구,죽이야기한강성심병원점,서울특별시 영등포구 버드나루로7길 16
서울특별시,영등포구,화포식당(문래점),서울특별시 영등포구 문래북로 52
서울특별시,영등포구,제이케이(JK)아트컨벤션,서울특별시 영등포구 문래로 164 
서울특별시,영등포구,규수당출장뷔페,서울특별시 영등포구 문래로 164
서울특별시,영등포구,일석삼조샤브매운탕,서울특별시 영등포구 도림로113길 27
서울특별시,영등포구,원주추어탕,서울특별시 영등포구 대림로22길 1 
서울특별시,영등포구,명태어장대림점,서울특별시 영등포구 대림로 251
서울특별시,영등포구,성심식당,서울특별시 영등포구 대림로 242
서울특별시,영등포구,원할머니보쌈,서울특별시 영등포구 대림로 211
서울특별시,영등포구,강이랑장어랑,서울특별시 영등포구 대림로 178 
서울특별시,영등포구,동해아구찜해물탕,서울특별시 영등포구 당산로32길 13 
서울특별시,영등포구,참나무본가,서울특별시 영등포구 당산로31길 25 
서울특별시,영등포구,죽이야기,서울특별시 영등포구 당산로31길 22-2
서울특별시,영등포구,미만호,서울특별시 영등포구 당산로2길 12 
서울특별시,영등포구,설담재영등포홈플러스점,서울특별시 영등포구 당산로 42 
서울특별시,영등포구,강경순계절맛집,서울특별시 영등포구 당산로 214
서울특별시,영등포구,이차돌영등포구청역점,서울특별시 영등포구 당산동3가 220 
서울특별시,영등포구,고향정,서울특별시 영등포구 국회대로70길 15-1 
서울특별시,영등포구,이도식당,서울특별시 영등포구 국회대로68길 11
서울특별시,영등포구,비봉,서울특별시 영등포구 국회대로62길 21 
서울특별시,영등포구,돈수백,서울특별시 영등포구 국제금융로6길 30 
서울특별시,영등포구,계절밥상여의도아이에프씨점,서울특별시 영등포구 국제금융로 10
서울특별시,영등포구,맛이차이나,서울특별시 영등포구 영중로 9 
서울특별시,영등포구,고구려,서울특별시 영등포구 선유로49길 29-1
서울특별시,영등포구,강일식,서울특별시 영등포구 의사당대로 108 
서울특별시,영등포구,보노보노덮밥,서울특별시 영등포구 영중로 9 
서울특별시,영등포구,원양참치,서울특별시 영등포구 당산로32길 5 
서울특별시,영등포구,외백,서울특별시 영등포구 국회대로72길 17 
서울특별시,영등포구,자니로켓신세계타임스퀘어점,서울특별시 영등포구 영중로 9 
서울특별시,영등포구,T.G.I.F롯데영등포점,서울특별시 영등포구 경인로 846
서울특별시,영등포구,파크카페,서울특별시 영등포구 여의대로 8 
서울특별시,영등포구,엠호텔,서울특별시 영등포구 국회대로70길 8
서울특별시,영등포구,고래함박,서울특별시 영등포구 영중로 9 
서울특별시,영등포구,홀리차우여의도점,서울특별시 영등포구 국제금융로2길 24 
서울특별시,영등포구,호식이두마리치킨신길1호점,서울특별시 영등포구 신길로42길 18-1
서울특별시,영등포구,함경면옥,서울특별시 영등포구 영신로9나길 12 846
서울특별시,영등포구,한화호텔앤드리조트(주)전경련회관점,서울특별시 영등포구 여의대로 24  
서울특별시,영등포구,한우리영등포점,서울특별시 영등포구 영신로9나길 12 846
서울특별시,영등포구,피자알볼로여의도직영점,서울특별시 영등포구 여의동로3길 10
서울특별시,영등포구,피그인더가든여의도점,서울특별시 영등포구 여의대로 56 
서울특별시,영등포구,판다익스프레스여의도IFC몰점,서울특별시 영등포구 국제금융로 10 
서울특별시,영등포구,파스쿠찌서여의도점,서울특별시 영등포구 국회대로 800 
서울특별시,영등포구,파리크라상여의도점,서울특별시 영등포구 여의나루로4길 18  
서울특별시,영등포구,투썸플레이스여의도롯데캐슬아이비점,서울특별시 영등포구 국제금융로 78 86
서울특별시,영등포구,터치더스카이(TOUCHTHESKY),서울특별시 영등포구 63로 50  
서울특별시,영등포구,초마영등포점,서울특별시 영등포구 영중로 9  
서울특별시,영등포구,주스솔루션여의도IFC몰점,서울특별시 영등포구 여의대로 60 10
서울특별시,영등포구,제주미항,서울특별시 영등포구 영신로9나길 12 846
서울특별시,영등포구,이디야커피한국수출입은행점,서울특별시 영등포구 은행로 22 38
서울특별시,영등포구,이디야커피영등포에이스점,서울특별시 영등포구 경인로 775
서울특별시,영등포구,이디야커피여의도농협재단빌딩점,서울특별시 영등포구 국제금융로8길 2 
서울특별시,영등포구,이디야커피신풍역점,서울특별시 영등포구 신풍로 52-1 
서울특별시,영등포구,이디야커피신길역점,서울특별시 영등포구 영등포로65길 12-1 353
서울특별시,영등포구,이디야커피도림사거리,서울특별시 영등포구 도림로 322 326
서울특별시,영등포구,이디야커피남부고용센터점,서울특별시 영등포구 양산로 71 
서울특별시,영등포구,이디야커피국회의사당역점,서울특별시 영등포구 국회대로 746 22
서울특별시,영등포구,이디야커피(영등포중앙점),서울특별시 영등포구 영중로 37 
서울특별시,영등포구,이디야커피(영등포구청점),서울특별시 영등포구 당산로 110
서울특별시,영등포구,이디야커피,서울특별시 영등포구 영신로 259
서울특별시,영등포구,옥과한우촌,서울특별시 영등포구 경인로 846 
서울특별시,영등포구,엔제리너스커피여의도리버타워점,서울특별시 영등포구 63로 36
서울특별시,영등포구,신선설농탕,서울특별시 영등포구 영등포로 216 
서울특별시,영등포구,선비,서울특별시 영등포구 영신로9나길 12 846
서울특별시,영등포구,삿뽀로당산점(주)엔타스,서울특별시 영등포구 국회대로 543
서울특별시,영등포구,본도시락서여의도점,서울특별시 영등포구 국회대로76길 10 21
서울특별시,영등포구,백리향싱타이(百里香XINGTAI),서울특별시 영등포구 63로 50 
서울특별시,영등포구,리나스여의도점,서울특별시 영등포구 여의나루로 50 42
서울특별시,영등포구,롯데리아롯데마트서울양평점,서울특별시 영등포구 선유로 138
서울특별시,영등포구,두란,서울특별시 영등포구 영신로9나길 12 846
서울특별시,영등포구,데블스도어IFC몰점,서울특별시 영등포구 국제금융로 10 
서울특별시,영등포구,더플레이스영등포롯데백화점점,서울특별시 영등포구 영신로9나길 12 846
서울특별시,영등포구,다솥맛집,서울특별시 영등포구 영신로9나길 12 846
서울특별시,영등포구,간코신세계백화점타임스퀘어점,서울특별시 영등포구 영중로 15
서울특별시,영등포구,63베이커리(63BAKERY),서울특별시 영등포구 63로 50 50
서울특별시,영등포구,(주)캘리스코사보텐여의도메리츠점,서울특별시 영등포구 국제금융로2길 11 
서울특별시,영등포구,(주)닥터로빈영등포신세계,서울특별시 영등포구 영중로 9  
서울특별시,영등포구,대운설렁탕,서울특별시 영등포구 여의대방로23길3 
서울특별시,영등포구,가족천하,서울특별시 영등포구 가마산로 330 
서울특별시,영등포구,호수삼계탕,서울특별시 영등포구 도림로 282 
서울특별시,영등포구,(주)킹랍스타,서울특별시 영등포구 가마산로90길 3 
서울특별시,영등포구,선유(떼조로),서울특별시 영등포구 영신로17길 3 
서울특별시,영등포구,남가네설악추어탕,서울특별시 영등포구 가마산로 581 
서울특별시,영등포구,돈떼목장,서울특별시 영등포구 영등포로 384-1 
서울특별시,영등포구,파라다이스,서울특별시 영등포구 여의동로 252 
서울특별시,영등포구,슈치쿠(SHUCHIKU),서울특별시 영등포구 63로 50 
서울특별시,영등포구,워킹온더클라우드(WALKINGONTHECLOUD),서울특별시 영등포구 63로 50 
서울특별시,영등포구,백리향(BAEKNIHYANG),서울특별시 영등포구 63로 50 
서울특별시,영등포구,무교동유정낙지,서울특별시 영등포구 여의대방로 394  
서울특별시,영등포구,흑돈가,서울특별시 영등포구 여의대방로69길 23  
서울특별시,영등포구,은호식당,서울특별시 영등포구 여의대방로65길 6  
서울특별시,영등포구,평가옥(여의도점),서울특별시 영등포구 여의대방로 379  
서울특별시,영등포구,기소야여의도점,서울특별시 영등포구 국제금융로8길 11  
서울특별시,영등포구,엉터리생고기,서울특별시 영등포구 의사당대로1길 11 
서울특별시,영등포구,영양센타여의도점,서울특별시 영등포구 여의대방로65길 23  
서울특별시,영등포구,창고43본점,서울특별시 영등포구 국제금융로6길 33 
서울특별시,영등포구,제주항구,서울특별시 영등포구 국제금융로6길 33 
서울특별시,영등포구,"혜비수(惠比壽)참치(구,에비스참치)",서울특별시 영등포구 국제금융로6길 33 
서울특별시,영등포구,아웃백스테이크하우스(여의도점),서울특별시 영등포구 국제금융로8길 6  
서울특별시,영등포구,여일정,서울특별시 영등포구 국제금융로6길 7  
서울특별시,영등포구,수미산정,서울특별시 영등포구 여의나루로 42  
서울특별시,영등포구,차이홍,서울특별시 영등포구 여의나루로 42  
서울특별시,영등포구,율도,서울특별시 영등포구 국제금융로6길 30 
서울특별시,영등포구,강공순할매집,서울특별시 영등포구 의사당대로 97 
서울특별시,영등포구,성민촌,서울특별시 영등포구 여의나루로 71  
서울특별시,영등포구,민소한우(중앙여의도지점),서울특별시 영등포구 국제금융로2길 37 
서울특별시,영등포구,긴자,서울특별시 영등포구 국제금융로2길 36 
서울특별시,영등포구,북해도,서울특별시 영등포구 의사당대로 108 
서울특별시,영등포구,홍보석,서울특별시 영등포구 의사당대로 108 
서울특별시,영등포구,올라6,서울특별시 영등포구 여의대로 8  
서울특별시,영등포구,막내회센타,서울특별시 영등포구 도신로53길 7 
서울특별시,영등포구,갯벌낙지,서울특별시 영등포구 영신로20길 6-1 
서울특별시,영등포구,돌배기집(영등포역점),서울특별시 영등포구 영중로4길 6-1 
서울특별시,영등포구,길맨참치,서울특별시 영등포구 영중로4길 4 
서울특별시,영등포구,이강순실비집,서울특별시 영등포구 영등포로46길 8 
서울특별시,영등포구,함흥냉면,서울특별시 영등포구 영등포로42길 6 
서울특별시,영등포구,예원문래점,서울특별시 영등포구 경인로 775 
서울특별시,영등포구,화수목,서울특별시 영등포구 선유로 49 
서울특별시,영등포구,라메흐꺄도,서울특별시 영등포구 선유로17길24
서울특별시,영등포구,부여집,서울특별시 영등포구 선유동1로 24 
서울특별시,영등포구,한옥집,서울특별시 영등포구 양산로 73 
서울특별시,영등포구,강포복집,서울특별시 영등포구 국회대로54길 35 
서울특별시,영등포구,태영한우마을,서울특별시 영등포구 여의공원로 111  
서울특별시,영등포구,기소야서여의도점,서울특별시 영등포구 여의공원로 101  
서울특별시,영등포구,동해도스시,서울특별시 영등포구 은행로 25
서울특별시,영등포구,동해도본점,서울특별시 영등포구 여의도동 14-15번지 
서울특별시,영등포구,만나,서울특별시 영등포구 국회대로74길 19  
서울특별시,영등포구,대방골,서울특별시 영등포구 국회대로 800
서울특별시,영등포구,올라3,서울특별시 영등포구 의사당대로 38 
서울특별시,영등포구,샤브맘,서울특별시 영등포구 영중로 133 
서울특별시,영등포구,송가네족발보쌈,서울특별시 영등포구 당산로48길 4 
서울특별시,영등포구,선유도해물칼국수,서울특별시 영등포구 양평로 126 
서울특별시,은평구,해까득,서울특별시 은평구 은평로 119
서울특별시,은평구,은평성모장례식장,서울특별시 은평구 통일로 1021 
서울특별시,은평구,족발야시장불광역점,서울특별시 은평구 통일로66길 5-1
서울특별시,은평구,박사아구,서울특별시 은평구 통일로66길 4-13 
서울특별시,은평구,항아리,서울특별시 은평구 통일로66길 4-11
서울특별시,은평구,모퉁이추어탕,서울특별시 은평구 통일로66길 10-15
서울특별시,은평구,돌다리,서울특별시 은평구 통일로 863-18
서울특별시,은평구,이차돌은평뉴타운점,서울특별시 은평구 통일로 863-14
서울특별시,은평구,본래순대연신내역점,서울특별시 은평구 통일로 803-1
서울특별시,은평구,한우리은평점,서울특별시 은평구 통일로 1050
서울특별시,은평구,이차돌연신내점,서울특별시 은평구 통일로 1034
서울특별시,은평구,백곱식당,서울특별시 은평구 통일로 1020
서울특별시,은평구,양양감자칼국수,서울특별시 은평구 통일로 1010
서울특별시,은평구,죽이야기역촌점,서울특별시 은평구 진흥로1길 15 
서울특별시,은평구,통나무집,서울특별시 은평구 진흥로19길 8
서울특별시,은평구,통나무집,서울특별시 은평구 진흥로19길 6
서울특별시,은평구,장위동유성집은평점,서울특별시 은평구 진흥로15길 5
서울특별시,은평구,한우천국역촌역점,서울특별시 은평구 진흥로 99 
서울특별시,은평구,등촌샤브칼국수(은평뉴타운점),서울특별시 은평구 진흥로 43 
서울특별시,은평구,만선,서울특별시 은평구 진흥로 201 
서울특별시,은평구,이가네설렁탕,서울특별시 은평구 진흥로 130 
서울특별시,은평구,일품간장게장,서울특별시 은평구 진흥로 125
서울특별시,은평구,본도시락은평뉴타운점,서울특별시 은평구 진관2로 19
서울특별시,은평구,더함깍둑도새기,서울특별시 은평구 진관2로 19
서울특별시,은평구,죽이야기(구파발역점),서울특별시 은평구 진관2로 15-46
서울특별시,은평구,선조네,서울특별시 은평구 진관2로 12
서울특별시,은평구,본죽&비빔밥,서울특별시 은평구 진관1로 21-39
서울특별시,은평구,맛깔참죽증산역점,서울특별시 은평구 증산로9길 13
서울특별시,은평구,향정푸드도투리,서울특별시 은평구 증산로 303
서울특별시,은평구,양푼국물닭갈비,서울특별시 은평구 응암로9길 7
서울특별시,은평구,육찡어,서울특별시 은평구 응암로21길 6-1
서울특별시,은평구,응암생고기전문,서울특별시 은평구 응암로21길 5-1
서울특별시,은평구,연탄생고기,서울특별시 은평구 응암로21길 12
서울특별시,은평구,무교동갯마을낙지,서울특별시 은평구 응암로13길 9
서울특별시,은평구,오거리전집,서울특별시 은평구 응암로13길 28
서울특별시,은평구,와따생선,서울특별시 은평구 응암로12길 8
서울특별시,은평구,감쪽갈비응암점,서울특별시 은평구 응암로12길 23
서울특별시,은평구,나노삼원돈,서울특별시 은평구 응암로 360
서울특별시,은평구,필,서울특별시 은평구 은평로9길 9
서울특별시,은평구,서울복집,서울특별시 은평구 은평로9길 8
서울특별시,은평구,황금호수오리농장,서울특별시 은평구 은평로9길 7
서울특별시,은평구,메밀촌,서울특별시 은평구 은평로9길 5 
서울특별시,은평구,복이레,서울특별시 은평구 은평로9길 14
서울특별시,은평구,맛나식당,서울특별시 은평구 은평로9길 12
서울특별시,은평구,제면공방,서울특별시 은평구 은평로8길 29
서울특별시,은평구,해송일식,서울특별시 은평구 은평로13길 11-6 
서울특별시,은평구,㈜벙구갈비,서울특별시 은평구 은평로 32
서울특별시,은평구,백년백세,서울특별시 은평구 은평로 205-5
서울특별시,은평구,잇츠파스타,서울특별시 은평구 은평로 193
서울특별시,은평구,은평양촌리,서울특별시 은평구 은평로 141
서울특별시,은평구,본죽,서울특별시 은평구 은평로 119
서울특별시,은평구,노랑태명태찜,서울특별시 은평구 연서로34길 42 
서울특별시,은평구,대박아구찜,서울특별시 은평구 연서로29길 8-13
서울특별시,은평구,햇살머무는식탁,서울특별시 은평구 연서로29길 32
서울특별시,은평구,토마토김밥,서울특별시 은평구 연서로29길 32
서울특별시,은평구,태영생막창,서울특별시 은평구 연서로29길 22
서울특별시,은평구,남도술상,서울특별시 은평구 연서로29길 21-7 
서울특별시,은평구,부추삼겹살,서울특별시 은평구 연서로29길 20-25 
서울특별시,은평구,화포식당,서울특별시 은평구 연서로29길 20-15
서울특별시,은평구,품앗이,서울특별시 은평구 연서로29길 20-13
서울특별시,은평구,삼대족발연신내점,서울특별시 은평구 연서로29길 14-18
서울특별시,은평구,수정불막창,서울특별시 은평구 연서로29길 11-9
서울특별시,은평구,낭풍(연신내점),서울특별시 은평구 연서로29길 11-2 
서울특별시,은평구,최가네쪽갈비,서울특별시 은평구 연서로27길 16-15
서울특별시,은평구,까볼로,서울특별시 은평구 연서로27길 16-14 
서울특별시,은평구,푸딩(연신내점),서울특별시 은평구 연서로25길 20-6
서울특별시,은평구,밀가루식당,서울특별시 은평구 연서로 303
서울특별시,은평구,고산면옥,서울특별시 은평구 연서로 257
서울특별시,은평구,조개폭식,서울특별시 은평구 연서로 208
서울특별시,은평구,만득이곱창,서울특별시 은평구 연서로 170-1
서울특별시,은평구,제주아방,서울특별시 은평구 연서로 166
서울특별시,은평구,죽이야기증산DMC역점,서울특별시 은평구 수색로 191
서울특별시,은평구,경복궁녹번점,서울특별시 은평구 서오릉로 4
서울특별시,은평구,죽이야기구산사거리점,서울특별시 은평구 서오릉로 199
서울특별시,은평구,백채구산역점,서울특별시 은평구 서오릉로 178
서울특별시,은평구,연희김밥,서울특별시 은평구 서오릉로 162-1
서울특별시,은평구,에브리돈,서울특별시 은평구 불광천길 536
서울특별시,은평구,성너머집,서울특별시 은평구 불광로18길 13-1
서울특별시,은평구,골목식당,서울특별시 은평구 불광로18길 10-1
서울특별시,은평구,마니조아,서울특별시 은평구 불광로 90 
서울특별시,은평구,대호고깃집,서울특별시 은평구 불광로 90
서울특별시,은평구,양푼이가네생고기김치찌개,서울특별시 은평구 불광로 76
서울특별시,은평구,우돈정육식당,서울특별시 은평구 불광로 6
서울특별시,은평구,한우리,서울특별시 은평구 불광로 40-7
서울특별시,은평구,명가쌈밥,서울특별시 은평구 불광로 40-2 
서울특별시,은평구,산호해,서울특별시 은평구 북한산로 281-15
서울특별시,은평구,백년식당서서갈비은평점,서울특별시 은평구 북한산로 246 
서울특별시,은평구,송추가마골은평2지점,서울특별시 은평구 북한산로 228-2
서울특별시,은평구,평양초계탕막국수,서울특별시 은평구 대서문길 9
서울특별시,은평구,옛골토성,서울특별시 은평구 대서문길 45-7
서울특별시,은평구,북한산손칼국수,서울특별시 은평구 대서문길 36
서울특별시,은평구,백년두부촌,서울특별시 은평구 대서문길 36
서울특별시,은평구,북한산닭명가,서울특별시 은평구 대서문길 31
서울특별시,은평구,전주식당,서울특별시 은평구 대서문길 15-7
서울특별시,은평구,북한산통큰장어,서울특별시 은평구 대서문길 11
서울특별시,은평구,이얼싼,서울특별시 은평구 진관2로 19
서울특별시,은평구,공화춘,서울특별시 은평구 연서로 304 
서울특별시,은평구,차이몬스터,서울특별시 은평구 불광천길 334
서울특별시,은평구,스시웨이은평점,서울특별시 은평구 통일로 1010
서울특별시,은평구,소문난간이횟집,서울특별시 은평구 응암로9길 11
서울특별시,은평구,스시쇼부,서울특별시 은평구 은평로13길 11-9
서울특별시,은평구,유진참치,서울특별시 은평구 연서로29길 20-8
서울특별시,은평구,웃는돌참치,서울특별시 은평구 연서로29길 17-4
서울특별시,은평구,㈜파리크라상라그릴리아은평점,서울특별시 은평구 통일로 1050
서울특별시,은평구,뚜띠꾸치나(응암점),서울특별시 은평구 증산로 465
서울특별시,은평구,아오리의행방불명연신내점,서울특별시 은평구 연서로 215-1
서울특별시,은평구,횟집산이네,서울특별시 은평구 통일로 708-8
서울특별시,은평구,캘리포니아피자키친롯데몰은평점,서울특별시 은평구 통일로 1050
서울특별시,은평구,초유향,서울특별시 은평구 은평로13길 11-12
서울특별시,은평구,채선당구산점,서울특별시 은평구 연서로 106
서울특별시,은평구,착한낙지,서울특별시 은평구 연서로 322
서울특별시,은평구,진곰숯불갈비,서울특별시 은평구 증산로 345
서울특별시,은평구,지호한방삼계탕,서울특별시 은평구 서오릉로 222
서울특별시,은평구,장충당녹번점,서울특별시 은평구 은평로 221-1
서울특별시,은평구,장어가,서울특별시 은평구 진흥로 144
서울특별시,은평구,은행나무샤브,서울특별시 은평구 연서로 183-4
서울특별시,은평구,은평한우곱창,서울특별시 은평구 진흥로 23
서울특별시,은평구,원할머니보쌈(녹번점),서울특별시 은평구 은평로 170
서울특별시,은평구,원산면옥,서울특별시 은평구 은평로 193
서울특별시,은평구,영심이네오리불고기,서울특별시 은평구 진흥로15길 7
서울특별시,은평구,여리네닭갈비신사점,서울특별시 은평구 연서로3길 44
서울특별시,은평구,엉터리생고기연신내점,서울특별시 은평구 통일로83길 6-10 
서울특별시,은평구,야래향,서울특별시 은평구 통일로 1010 
서울특별시,은평구,송추가마골,서울특별시 은평구 북한산로 276
서울특별시,은평구,소담촌,서울특별시 은평구 서오릉로 145 
서울특별시,은평구,세븐차이나,서울특별시 은평구 북한산로 242
서울특별시,은평구,새만포면옥,서울특별시 은평구 연서로 171 
서울특별시,은평구,상하이문,서울특별시 은평구 응암로 247
서울특별시,은평구,삿뽀로녹번점(주)엔타스시스템,서울특별시 은평구 서오릉로 4
서울특별시,은평구,산들애보리밥,서울특별시 은평구 대서문길 43-16 
서울특별시,은평구,불낙쭈,서울특별시 은평구 통일로 863-21
서울특별시,은평구,불광동황소곱창구이,서울특별시 은평구 진흥로 141
서울특별시,은평구,북한산아구랑명태랑,서울특별시 은평구 대서문길 13-11
서울특별시,은평구,봉평메밀막국수&대관령가는길,서울특별시 은평구 응암로 263
서울특별시,은평구,무안갯벌낙지,서울특별시 은평구 진흥로 11
서울특별시,은평구,만석장,서울특별시 은평구 대서문길 43-10
서울특별시,은평구,동해바다,서울특별시 은평구 연서로 207
서울특별시,은평구,대한수산,서울특별시 은평구 서오릉로 18
서울특별시,은평구,능원식당,서울특별시 은평구 통일로89길 6-10
서울특별시,은평구,강용구족발보쌈,서울특별시 은평구 불광로 37-4
서울특별시,은평구,(원)할머니보쌈응암점,서울특별시 은평구 응암로 253
서울특별시,은평구,롯데리아불광점,서울특별시 은평구 통일로 741
서울특별시,은평구,이디야커피,서울특별시 은평구 연서로 148
서울특별시,은평구,이디야응암중앙점,서울특별시 은평구 응암로 183
서울특별시,은평구,이디야본서부병원점,서울특별시 은평구 응암로 337
서울특별시,은평구,롯데리아구산역점,서울특별시 은평구 연서로 130
서울특별시,은평구,은평닭곰탕,서울특별시 은평구 은평로9길 13
서울특별시,은평구,위너세프,서울특별시 은평구 서오릉로2길 3
서울특별시,종로구,감성타코광화문점,서울특별시 종로구 새문안로3길 23
서울특별시,종로구,진주육회3호점,서울특별시 종로구 동호로 403
서울특별시,종로구,일품당프리미엄,서울특별시 종로구 새문안로5가길 7
서울특별시,종로구,광화문한옥집,서울특별시 종로구 새문안로5가길 7
서울특별시,종로구,금용문,서울특별시 종로구 새문안로5가길 7
서울특별시,종로구,석파랑,서울특별시 종로구 자하문로 309
서울특별시,종로구,화포식당종각점,서울시 종로구 우정국로2길 34
서울특별시,종로구,코바코신설동점,서울시 종로구 종로66길 17
서울특별시,종로구,죽이야기경희궁자이점,서울시 종로구 송월길 155
서울특별시,종로구,일식오수사,서울시 종로구 사직로 130
서울특별시,종로구,101번지남산돈까스안녕인사동점,서울시 종로구 인사동길 49 
서울특별시,종로구,샤오바오우육면,서울시 종로구 삼일대로17길 15
서울특별시,종로구,안동국시소람,서울특별시 종로구 인사동9길 16
서울특별시,종로구,비더원,서울특별시 종로구 대학로 42-13
서울특별시,종로구,원호와초밥,서울특별시 종로구 종로40길 4
서울특별시,종로구,할머니집순대,서울특별시 종로구 동호로 403-14
서울특별시,종로구,육회자매집종로3호점,서울특별시 종로구 종로 208
서울특별시,종로구,화통본가,서울특별시 종로구 수표로20길 33
서울특별시,종로구,종로유가네숯불갈비함흥냉면,서울특별시 종로구 수표로 86
서울특별시,종로구,수정식당,서울특별시 종로구 종로16길 18
서울특별시,종로구,종로황소곱창종로점,서울특별시 종로구 우정국로2길 31
서울특별시,종로구,맛있는김치찜&순두부종로본점,서울특별시 종로구 우정국로2길 31
서울특별시,종로구,서촌백년화로,서울특별시 종로구 새문안로7길 20
서울특별시,종로구,뽐모도로,서울특별시 종로구 새문안로9길 19-1
서울특별시,종로구,동성각,서울특별시 종로구 새문안로9길 29-2
서울특별시,종로구,사발,서울특별시 종로구 사직로8길 34
서울특별시,종로구,평가옥광화문점,서울특별시 종로구 새문안로5길 19
서울특별시,종로구,착한쭝식광화문점,서울특별시 종로구 새문안로5길 19
서울특별시,종로구,박순례손말이고기산정집광화문점,서울특별시 종로구 새문안로5가길 3-10
서울특별시,종로구,깡장집,서울특별시 종로구 새문안로5길 19
서울특별시,종로구,경희궁등갈비광화문점,서울특별시 종로구 새문안로5가길 3-9
서울특별시,종로구,통영굴밥,서울특별시 종로구 사직로 130
서울특별시,종로구,향미정,서울특별시 종로구 사직로8길 17
서울특별시,종로구,부산돼지국밥,서울특별시 종로구 삼봉로 81
서울특별시,종로구,종로생고기,서울특별시 종로구 수표로 116
서울특별시,종로구,살롱순라,서울특별시 종로구 율곡로10길 75
서울특별시,종로구,마포집,서울특별시 종로구 대학로1길 4
서울특별시,종로구,야래향,서울특별시 종로구 김상옥로 3
서울특별시,종로구,효제주물럭,서울특별시 종로구 종로35길 44
서울특별시,종로구,돈통마늘보쌈,서울특별시 종로구 종로46길 20
서울특별시,종로구,정통의정부부대찌개,서울특별시 종로구 종로66길 17
서울특별시,종로구,명동칼국수신설동본점,서울특별시 종로구 난계로29길 34
서울특별시,종로구,서울회관,서울특별시 종로구 종로56길 42-4
서울특별시,종로구,동해해물탕,서울특별시 종로구 창신2길 12
서울특별시,종로구,김가네동대문역점,서울특별시 종로구 종로 289
서울특별시,종로구,뚝배기집,서울특별시 종로구 종로16길 12
서울특별시,종로구,더키친750,서울특별시 종로구 대학로8가길 80
서울특별시,종로구,개미집대학로점,서울특별시 종로구 대학로8가길 80
서울특별시,종로구,대규스시,서울특별시 종로구 동숭3길 1
서울특별시,종로구,깔리,서울특별시 종로구 대학로11길 43
서울특별시,종로구,개미식당,서울특별시 종로구 대명길 35
서울특별시,종로구,삼삼오오,서울특별시 종로구 명륜길 51
서울특별시,종로구,재동맷돌순두부,서울특별시 종로구 북촌로2길 8
서울특별시,종로구,황금코다리,서울특별시 종로구 자하문로10길 14
서울특별시,종로구,아빠곰탕경복궁역점,서울특별시 종로구 자하문로 42-1
서울특별시,종로구,효자왕족발,서울특별시 종로구 자하문로 31-2
서울특별시,종로구,도스타코스종로점,서울특별시 종로구 삼일대로15길 13
서울특별시,종로구,대학로에취하다,서울특별시 종로구 동숭길 143
서울특별시,종로구,이유식당,서울특별시 종로구 창경궁로26길 41-3
서울특별시,종로구,포탈라레스토랑,서울특별시 종로구 청계천로 99
서울특별시,종로구,교촌치킨종로1호점,서울특별시 종로구 종로12길 15
서울특별시,종로구,마실정육식당,서울특별시 종로구 종로 384
서울특별시,종로구,한옥갈비,서울특별시 종로구 종로40가길 20
서울특별시,종로구,부촌,서울특별시 종로구 종로 200-12
서울특별시,종로구,왕벌집,서울특별시 종로구 돈화문로4길 41
서울특별시,종로구,스시야,서울특별시 종로구 수표로 20길 43
서울특별시,종로구,동해어가,서울특별시 종로구 수표로 83
서울특별시,종로구,이춘복참치종각점,서울특별시 종로구 종로14길 4
서울특별시,종로구,곱창본가,서울특별시 종로구 삼일대로19길 22
서울특별시,종로구,라공방,서울특별시 종로구 우정국로2길 21
서울특별시,종로구,교대이층집경복궁점,서울특별시 종로구 새문안로5길 10-1
서울특별시,종로구,일품당샤브샤브,서울특별시 종로구 세종대로23길 25
서울특별시,종로구,동락돼지,서울특별시 종로구 새문안로5길 9
서울특별시,종로구,국시방,서울특별시 종로구 새문안로5길 13
서울특별시,종로구,나무향기,서울특별시 종로구 세종대로23길 47
서울특별시,종로구,시민식당2호점,서울특별시 종로구 종로11길 10
서울특별시,종로구,하누소,서울특별시 종로구 인사동4길 18
서울특별시,종로구,박보연간장게장,서울특별시 종로구 종로5길 42-5
서울특별시,종로구,감촌,서울특별시 종로구 종로 19 
서울특별시,종로구,메이루,서울특별시 종로구 종로 1
서울특별시,종로구,경양식1985/온드린,서울특별시 종로구 종로 1
서울특별시,종로구,건강밥상/하늘풍경,서울특별시 종로구 종로 1
서울특별시,종로구,장수삼계탕,서울특별시 종로구 종로5길 58
서울특별시,종로구,황씨네추어탕,서울특별시 종로구 삼봉로 81
서울특별시,종로구,호반,서울특별시 종로구 삼봉로 81
서울특별시,종로구,의정부부대찌개앤돈까스,서울특별시 종로구 우정국로 45-7
서울특별시,종로구,담소누룽지백숙,서울특별시 종로구 삼봉로 81
서울특별시,종로구,북창동순두부인사동점,서울특별시 종로구 인사동5길 4
서울특별시,종로구,인사동두부마을,서울특별시 종로구 인사동길 30-12
서울특별시,종로구,두레,서울특별시 종로구 인사동4길 5-24
서울특별시,종로구,늘마중,서울특별시 종로구 인사동8길 16-1
서울특별시,종로구,처마끝하늘풍경,서울특별시 종로구 인사동14길 24-2
서울특별시,종로구,뉘조,서울특별시 종로구 인사동14길 27
서울특별시,종로구,옥정,서울특별시 종로구 인사동12길 18
서울특별시,종로구,나주소나주곰탕,서울특별시 종로구 율곡로4길 55
서울특별시,종로구,스윗밸런스광화문점,서울특별시 종로구 종로1길 50
서울특별시,종로구,장수삼계탕,서울특별시 종로구 종로17길 52
서울특별시,종로구,소담시래기국밥집,서울특별시 종로구 종로17길 46
서울특별시,종로구,시민식당,서울특별시 종로구 돈화문로5길 30
서울특별시,종로구,미락한식뷔페,서울특별시 종로구 수표로 118
서울특별시,종로구,나주곰탕,서울특별시 종로구 창경궁로 119
서울특별시,종로구,청국장밥,서울특별시 종로구 창경궁로 129
서울특별시,종로구,싱글벙글복어,서울특별시 종로구 돈화문로11길 30
서울특별시,종로구,서대포,서울특별시 종로구 돈화문로11가길 9
서울특별시,종로구,배수사,서울특별시 종로구 돈화문로11가길 47
서울특별시,종로구,삼성원,서울특별시 종로구 종로 199
서울특별시,종로구,금돼지갈비,서울특별시 종로구 종로31길 39
서울특별시,종로구,털보네해물탕등갈비,서울특별시 종로구 종로31길 15
서울특별시,종로구,월선네,서울특별시 종로구 종로31길 21
서울특별시,종로구,산더미고깃집,서울특별시 종로구 종로31길 21
서울특별시,종로구,김명자굴국밥전문점,서울특별시 종로구 종로31길 29
서울특별시,종로구,화돌농장,서울특별시 종로구 종로31길 22
서울특별시,종로구,장수삼계탕,서울특별시 종로구 종로31길 46-3
서울특별시,종로구,조가네뼈해장국,서울특별시 종로구 창경궁로 126
서울특별시,종로구,왕순대,서울특별시 종로구 창경궁로16길 6-2
서울특별시,종로구,소문난복집,서울특별시 종로구 창경궁로 134-2
서울특별시,종로구,신라갈비,서울특별시 종로구 종로35길 4
서울특별시,종로구,고창선운사풍천장어금정,서울특별시 종로구 대학로2길 38
서울특별시,종로구,종로불타는곱창,서울특별시 종로구 종로35길 8
서울특별시,종로구,종로회타운,서울특별시 종로구 종로41길 9
서울특별시,종로구,도원,서울특별시 종로구 종로41길 32-4
서울특별시,종로구,남원추어탕,서울특별시 종로구 율곡로30길 21
서울특별시,종로구,이모네집,서울특별시 종로구 율곡로14길 51
서울특별시,종로구,왕십리순대국,서울특별시 종로구 율곡로 220-1
서울특별시,종로구,양양식당,서울특별시 종로구 율곡로20길 23
서울특별시,종로구,명동칼국수,서울특별시 종로구 율곡로 220-1
서울특별시,종로구,원조식당,서울특별시 종로구 대학로 46
서울특별시,종로구,마작골,서울특별시 종로구 종로46길 20
서울특별시,종로구,강원집,서울특별시 종로구 종로46길 12
서울특별시,종로구,본고향맛집,서울특별시 종로구 지봉로 16
서울특별시,종로구,종로57길,서울특별시 종로구 종로57길 28
서울특별시,종로구,이차돌신설동점,서울특별시 종로구 종로 405
서울특별시,종로구,양씨소머리곰탕,서울특별시 종로구 종로51길 31
서울특별시,종로구,풍천손가네민물장어,서울특별시 종로구 종로51가길 2-1
서울특별시,종로구,영산강,서울특별시 종로구 창신길 3
서울특별시,종로구,부뚜막한상차림,서울특별시 종로구 율곡로 219-1
서울특별시,종로구,어바웃샤브,서울특별시 종로구 대학로12길 61
서울특별시,종로구,수제비와보리밥세상,서울특별시 종로구 대학로5길 12
서울특별시,종로구,고궁의아침,서울특별시 종로구 창경궁로 158
서울특별시,종로구,파스타마켓,서울특별시 종로구 대학로11길 9-5
서울특별시,종로구,동숭숯불갈비,서울특별시 종로구 대학로9길 26
서울특별시,종로구,꺽정이네장작구이,서울특별시 종로구 대명1길 25
서울특별시,종로구,모꼬지랑,서울특별시 종로구 창덕궁길 29-24
서울특별시,종로구,향나무세그루,서울특별시 종로구 삼청로 100
서울특별시,종로구,눈나무집,서울특별시 종로구 삼청로 136-1
서울특별시,종로구,시골집,서울특별시 종로구 사직로 133-7
서울특별시,종로구,만선,서울특별시 종로구 사직로 133-9
서울특별시,종로구,강구미주구리,서울특별시 종로구 자하문로2길 7-3
서울특별시,종로구,영화루,서울특별시 종로구 자하문로7길 65-4
서울특별시,종로구,들풀식당,서울특별시 종로구 자하문로 118
서울특별시,종로구,한옥,서울특별시 종로구 통일로14길 24
서울특별시,종로구,명원숯불갈비,서울특별시 종로구 통일로12길 8
서울특별시,종로구,대평갈비,서울특별시 종로구 평창문화로 83
서울특별시,종로구,평창동북악정,서울특별시 종로구 평창36길 6
서울특별시,종로구,서울매운탕,서울특별시 종로구 종로 200-12
서울특별시,종로구,㈜씨엔피일품진진수라광화문점,서울특별시 종로구 종로5길 7
서울특별시,종로구,통돼지,서울특별시 종로구 수표로28길 44
서울특별시,종로구,미스터순두부,서울특별시 종로구 대학로1길 10
서울특별시,종로구,동원참치,서울특별시 종로구 종로33길 14
서울특별시,종로구,죽이야기,서울특별시 종로구 대학로2길 7-1
서울특별시,종로구,옛날순대국,서울특별시 종로구 대학로2길 29
서울특별시,종로구,신신원,서울특별시 종로구 종로 263-1
서울특별시,종로구,밥은화,서울특별시 종로구 명륜길 41
서울특별시,종로구,작은마을,서울특별시 종로구 명륜길 58
서울특별시,종로구,？즈&라멘,서울특별시 종로구 명륜3길 4
서울특별시,종로구,태진복집,서울특별시 종로구 자하문로10길 10-24
서울특별시,종로구,에코밥상,서울특별시 종로구 사직로 127-14
서울특별시,종로구,박가네,서울특별시 종로구 종로32길 7
서울특별시,종로구,창신육회4호점,서울특별시 종로구 종로 206
서울특별시,종로구,전주식당,서울특별시 종로구 수표로20길 16-17
서울특별시,종로구,이대감고깃집,서울특별시 종로구 수표로 96
서울특별시,종로구,한일장,서울특별시 종로구 수표로 94
서울특별시,종로구,미당순두부,서울특별시 종로구 청계천로 97-12
서울특별시,종로구,의정부부대찌개,서울특별시 종로구 종로12길 23
서울특별시,종로구,남대문막내횟집,서울특별시 종로구 우정국로 4-1
서울특별시,종로구,양반댁,서울특별시 종로구 인사동길 19-18
서울특별시,종로구,하나로회관,서울특별시 종로구 인사동5길 25
서울특별시,종로구,다솔,서울특별시 종로구 종로5길 68
서울특별시,종로구,은성,서울특별시 종로구 우정국로 45-23
서울특별시,종로구,송화정,서울특별시 종로구 삼봉로 81
서울특별시,종로구,함흥곰보냉면,서울특별시 종로구 창경궁로 109
서울특별시,종로구,종로순대,서울특별시 종로구 종로31길 34 
서울특별시,종로구,제주본가,서울특별시 종로구 종로31길 34
서울특별시,종로구,남원추어탕,서울특별시 종로구 종로31길 34
서울특별시,종로구,통나무집,서울특별시 종로구 창경궁로16길 14-10
서울특별시,종로구,효제금마루,서울특별시 종로구 대학로 33
서울특별시,종로구,조마루(신설동점),서울특별시 종로구 난계로29길 37
서울특별시,종로구,채선당동묘역점,서울특별시 종로구 종로 347
서울특별시,종로구,궁나라냉면묵밥,서울특별시 종로구 지봉로12길 6
서울특별시,종로구,동래복국,서울특별시 종로구 종로 291
서울특별시,종로구,핏제리아O,서울특별시 종로구 동숭길 48
서울특별시,종로구,호프만의이야기,서울특별시 종로구 대학로12길 43
서울특별시,종로구,주식회사희스토리푸드(순대실록),서울특별시 종로구 동숭길 127
서울특별시,종로구,쌀레에뻬뻬,서울특별시 종로구 대학로8가길 93
서울특별시,종로구,페르시아궁전,서울특별시 종로구 성균관로6길 9 
서울특별시,종로구,대가곱창,서울특별시 종로구 명륜길 53
서울특별시,종로구,다움223.1,서울특별시 종로구 자하문로 223-1
서울특별시,종로구,은혜식당,서울특별시 종로구 자하문로41길 1
서울특별시,종로구,국시랑만두,서울특별시 종로구 자하문로 276
서울특별시,종로구,이천영양돌솥밥,서울특별시 종로구 평창11길 12
서울특별시,종로구,강촌쌈밥,서울특별시 종로구 평창30길 9
서울특별시,종로구,주)파리크라상리나스인사동점,서울특별시 종로구 인사동길 14-3
서울특별시,종로구,주)파리크라상리나스광화문점,서울특별시 종로구 종로1가 1
서울특별시,종로구,신안촌본점,서울특별시 종로구 사직로12길 8
서울특별시,종로구,서울대병원델라코트,서울특별시 종로구 대학로 101
서울특별시,종로구,서울대병원가화원,서울특별시 종로구 대학로 101
서울특별시,종로구,새마을식당육종각본점,서울특별시 종로구 우정국로2길 42
서울특별시,종로구,민소한우광화문점,서울특별시 종로구 종로 22
서울특별시,종로구,라그릴리아광화문점,서울특별시 종로구 청계천로 11
서울특별시,중랑구,뚝배기바지락칼국수,서울특별시 중랑구 면목로 294
서울특별시,중랑구,이학갈비,서울특별시 중랑구 면목로 310
서울특별시,중랑구,쿡앤파스타,서울특별시 중랑구 답십리로75길 73
서울특별시,중랑구,경미양꼬치,서울특별시 중랑구 면목로 277
서울특별시,중랑구,찜집본점,서울특별시 중랑구 면목로 287
서울특별시,중랑구,소우가,서울특별시 중랑구 면목로 285
서울특별시,중랑구,어사출또,서울특별시 중랑구 면목로39길 18
서울특별시,중랑구,치킨매니아,서울특별시 중랑구 사가정로51길 26
서울특별시,중랑구,치어스,서울특별시 중랑구 면목로45길 11
서울특별시,중랑구,샤브숲,서울특별시 중랑구 사가정로51길 21
서울특별시,중랑구,대한족발,서울특별시 중랑구 사가정로51길 31
서울특별시,중랑구,다함닭갈비,서울특별시 중랑구 사가정로51길 9
서울특별시,중랑구,권참치,서울특별시 중랑구 사가정로 377
서울특별시,중랑구,섬마을홍어집,서울특별시 중랑구 면목로55길 10
서울특별시,중랑구,두채사랑전주콩나물국밥,서울특별시 중랑구 면목로 371
서울특별시,중랑구,박가네명동빈대떡,서울특별시 중랑구 겸재로 168
서울특별시,중랑구,만월,서울특별시 중랑구 동일로 618
서울특별시,중랑구,할매보쌈,서울특별시 중랑구 면목로 352
서울특별시,중랑구,뱃놈과백정,서울특별시 중랑구 면목로 348
서울특별시,중랑구,성공시대팔팔추어탕,서울특별시 중랑구 상봉로 38
서울특별시,중랑구,이가네바지락칼국수,서울특별시 중랑구 겸재로 218
서울특별시,중랑구,세상만사,서울특별시 중랑구 겸재로 196
서울특별시,중랑구,명동찌개,서울특별시 중랑구 겸재로 190
서울특별시,중랑구,곱창마을,서울특별시 중랑구 용마산로94길 36
서울특별시,중랑구,망우찜쌈밥본점,서울특별시 중랑구 용마공원로2길 8
서울특별시,중랑구,독도게찜,서울특별시 중랑구 망우로 458
서울특별시,중랑구,개성숯불갈비,서울특별시 중랑구 겸재로 261
서울특별시,중랑구,명동칼국수,서울특별시 중랑구 봉우재로 197-1
서울특별시,중랑구,해물능이버섯한방오리,서울특별시 중랑구 용마산로115길 59
서울특별시,중랑구,청어진,서울특별시 중랑구 용마산로115길 59
서울특별시,중랑구,백미부대찌개,서울특별시 중랑구 용마산로115길 59
서울특별시,중랑구,맹돌이생선구이쌈밥,서울특별시 중랑구 용마산로115길 59
서울특별시,중랑구,동대문닭한마리,서울특별시 중랑구 용마산로115길 91
서울특별시,중랑구,본대박짬뽕,서울특별시 중랑구 용마산로115길 37
서울특별시,중랑구,동강장어랑나랑,서울특별시 중랑구 용마산로115길 17
서울특별시,중랑구,더한방족발보쌈,서울특별시 중랑구 용마산로115길 27
서울특별시,중랑구,춘천골,서울특별시 중랑구 용마산로115길 30
서울특별시,중랑구,부뚜막순대국,서울특별시 중랑구 용마산로115길 46
서울특별시,중랑구,망우정식,서울특별시 중랑구 용마산로115길 8
서울특별시,중랑구,대왕돌흙돼지오겹살구이,서울특별시 중랑구 용마산로115길 26
서울특별시,중랑구,신여사장독대,서울특별시 중랑구 용마산로115길 72
서울특별시,중랑구,서해쭈꾸미,서울특별시 중랑구 겸재로 191
서울특별시,중랑구,삼대(三代)신(辛)냉면,서울특별시 중랑구 겸재로 193
서울특별시,중랑구,부자돼소,서울특별시 중랑구 봉우재로 126
서울특별시,중랑구,상봉갈비,서울특별시 중랑구 면목로 466
서울특별시,중랑구,홍어천국,서울특별시 중랑구 면목로 421
서울특별시,중랑구,어수라생선구이,서울특별시 중랑구 면목로91길 19
서울특별시,중랑구,시래궁,서울특별시 중랑구 봉우재로 113
서울특별시,중랑구,곽만근갈비탕상봉점,서울특별시 중랑구 봉우재로 117
서울특별시,중랑구,형제숯불갈비,서울특별시 중랑구 면목로91길 36
서울특별시,중랑구,이선우감자탕,서울특별시 중랑구 면목로 489
서울특별시,중랑구,굴전문삼겹오리,서울특별시 중랑구 면목로91길 6
서울특별시,중랑구,남한강물고기,서울특별시 중랑구 동일로114길 43
서울특별시,중랑구,이어도참치,서울특별시 중랑구 동일로 635
서울특별시,중랑구,성공시대,서울특별시 중랑구 동일로 633
서울특별시,중랑구,바다목장,서울특별시 중랑구 봉우재로 49
서울특별시,중랑구,곰배령막걸리,서울특별시 중랑구 동일로109길 72
서울특별시,중랑구,밥이랑커피랑,서울특별시 중랑구 망우로 220
서울특별시,중랑구,장어촌,서울특별시 중랑구 중랑천로12길 45-2
서울특별시,중랑구,옛가칼국수,서울특별시 중랑구 중랑천로10길 39
서울특별시,중랑구,양지촌,서울특별시 중랑구 망우로 184
서울특별시,중랑구,박가뼈다귀,서울특별시 중랑구 망우로 193
서울특별시,중랑구,남도추어탕,서울특별시 중랑구 중랑역로 3
서울특별시,중랑구,고려원양꼬치,서울특별시 중랑구 중랑역로 18
서울특별시,중랑구,청진동해장국,서울특별시 중랑구 동일로 751
서울특별시,중랑구,삼순이생선구이,서울특별시 중랑구 동일로129길 35
서울특별시,중랑구,민박사동태탕,서울특별시 중랑구 동일로 765
서울특별시,중랑구,회다무라,서울특별시 중랑구 동일로 791
서울특별시,중랑구,한촌설렁탕중화점,서울특별시 중랑구 동일로 781
서울특별시,중랑구,장충족발감자탕,서울특별시 중랑구 중랑역로 77
서울특별시,중랑구,왕건고기촌,서울특별시 중랑구 중랑역로 81
서울특별시,중랑구,연안식당,서울특별시 중랑구 망우로 353
서울특별시,중랑구,스쿨푸드상봉홈플러스점,서울특별시 중랑구 망우로 353
서울특별시,중랑구,명동칼국수샤브샤브,서울특별시 중랑구 망우로 353
서울특별시,중랑구,가츠라,서울특별시 중랑구 망우로 353
서울특별시,중랑구,규사이,서울특별시 중랑구 송림길 5
서울특별시,중랑구,골짝마을,서울특별시 중랑구 신내로 45
서울특별시,중랑구,광릉불고기,서울특별시 중랑구 망우로 425
서울특별시,중랑구,갈비공장신내점,서울특별시 중랑구 신내로14길 22
서울특별시,중랑구,원할머니보쌈신내점,서울특별시 중랑구 봉화산로56길 25
서울특별시,중랑구,남한강물고기,서울특별시 중랑구 양원역로8길 26
서울특별시,중랑구,착한맛집,서울특별시 중랑구 용마산로120길 37
서울특별시,중랑구,지호한방삼계탕,서울특별시 중랑구 용마산로 560
서울특별시,중랑구,추오정남원추어탕,서울특별시 중랑구 용마산로125길 108-7
서울특별시,중랑구,신선한우촌,서울특별시 중랑구 용마산로 707
서울특별시,중랑구,보리곳간,서울특별시 중랑구 용마산로 713
서울특별시,중랑구,먹골풍천민물장어,서울특별시 중랑구 동일로 858
서울특별시,중랑구,해물명가아구동태해물찜탕,서울특별시 중랑구 동일로 880
서울특별시,중랑구,박가부대찌개,서울특별시 중랑구 공릉로 6
서울특별시,중랑구,먹골솥뚜껑삼겹살,서울특별시 중랑구 공릉로2길 46
서울특별시,중랑구,조선추어탕,서울특별시 중랑구 공릉로 22
서울특별시,중랑구,먹골장수족발,서울특별시 중랑구 공릉로 22
서울특별시,중랑구,능이버섯백숙,서울특별시 중랑구 공릉로 32
서울특별시,중랑구,(주)웨딩그룹위더스중랑,서울특별시 중랑구 동일로 922
서울특별시,중랑구,소정담만두전골전문점,서울특별시 중랑구 신내로 225
서울특별시,중랑구,봉화정육식당,서울특별시 중랑구 신내로 211
서울특별시,중랑구,할매복집,서울특별시 중랑구 공릉로 82
서울특별시,중랑구,춘향골남원추어탕,서울특별시 중랑구 중랑역로 269
서울특별시,중랑구,지리산흑돼지,서울특별시 중랑구 중랑역로 263
서울특별시,중랑구,스시남,서울특별시 중랑구 중랑역로 261
서울특별시,중랑구,먹골닭한마리,서울특별시 중랑구 공릉로 73
서울특별시,중랑구,소문난부대찌개,서울특별시 중랑구 중랑역로 133
서울특별시,중랑구,푸른초원,서울특별시 중랑구 동일로163길 22
서울특별시,중랑구,최민석마구로,서울특별시 중랑구 동일로 939
